name,domain,country,city,industry,estimated_num_employees,linkedin_url,keywords
Flourish Management,flourishmgmt.co.uk,United Kingdom,London,,,http://www.linkedin.com/company/flourish-management,
The Media Exchange,themediaexchange.com,United Kingdom,London,,,http://www.linkedin.com/company/themediaexchange,
Settr,settr.com,United Kingdom,London,,,http://www.linkedin.com/company/settr,
Hypebuzz,hypebuzzhq.com,United Kingdom,London,,,http://www.linkedin.com/company/hypebuzz,
Social Circle,socialcircle.media,United Kingdom,London,,,http://www.linkedin.com/company/social-circle,
Sweet Gen Media,sweetgenmedia.com,United Kingdom,Highcliffe,,,http://www.linkedin.com/company/sweet-gen-media,
Cogia Intelligence,cogia.de,Germany,Frankfurt,,,http://www.linkedin.com/company/cogia-intelligence,
ADENION GmbH,adenion.de,Germany,Grevenbroich,,,http://www.linkedin.com/company/adenion-gmbh,
Social Playground,socialplayground.io,France,Paris,,,http://www.linkedin.com/company/socialplayground,
freeskout- 360° Influencer Marketing Platform,freeskout.com,India,New Delhi,,,http://www.linkedin.com/company/break-that-box-giftwise,
DRIM,drim.one,India,Bengaluru,,,http://www.linkedin.com/company/drim-platform,
"Katha - Sharing Stories, Scaling Impact",katha-ads.com,India,Kochi,,,http://www.linkedin.com/company/kathaads,
Adintors,adintors.com,India,Ahmedabad,,,http://www.linkedin.com/company/adintors,
SocialTAG,socialtagindia.com,India,Mumbai,,,http://www.linkedin.com/company/socialtag-india,
Mobfountain Media,mobfountain.com,India,Noida,,,http://www.linkedin.com/company/mobfountain-media,
Optiminastic,optiminastic.com,India,Mumbai,,,http://www.linkedin.com/company/optiminastic,
DesignMechanics,dmipl.com,India,Noida,,,http://www.linkedin.com/company/dmipl,
Snack Media,snackmedia.io,India,Noida,,,http://www.linkedin.com/company/snack--media,
Cre8r.ai,cre8r.ai,India,Gurugram,,,http://www.linkedin.com/company/cre8r-ai,
Cloutflow,cloutflow.com,India,Gurugram,,,http://www.linkedin.com/company/cloutflow,
Momspresso,momspresso.com,India,,,,http://www.linkedin.com/company/momspresso,
Aer Media,aer.media,India,,,,http://www.linkedin.com/company/aer-media,
FLICKZILLA ENTERTAINMENT,flickzilla.in,India,Sonipat,,,http://www.linkedin.com/company/flickzilla-entertainment,
The Vibes Network,thevibes.network,India,New Delhi,,,http://www.linkedin.com/company/the-vibes-network-in,
Opportune,opportune.co.in,India,,,,http://www.linkedin.com/company/opportune-ventures,
ClanConnect,clanconnect.ai,India,,,,http://www.linkedin.com/company/clanconnect,
Contentify,contentify.co.in,India,Gurugram,,,http://www.linkedin.com/company/contentify,
VURoll,vuroll.com,India,Gurugram,,,http://www.linkedin.com/company/vurollofficial,
Galvor,galvor.ai,India,,,,http://www.linkedin.com/company/galvorai,
Vinus Group,vinusgroup.in,India,New Delhi,,,http://www.linkedin.com/company/vinus-group,
SK Entertainment,skentertainment.in,India,,,,http://www.linkedin.com/company/sk-entertainment-pvt-ltd,
Fabulate,fabulate.com.au,Australia,Sydney,,,http://www.linkedin.com/company/fabulate,
Digital Embassy Influencer Marketing,digitalembassy.es,Spain,,,,http://www.linkedin.com/company/digitalembassy-influencermarketing,
The Secret Society,the-secret-society.com,United Arab Emirates,Dubai,,,http://www.linkedin.com/company/thesecretsociety,
iShout Media,ishout.ae,United Arab Emirates,Dubai,,,http://www.linkedin.com/company/ishout-media,
Swavy,swavy.com,United Arab Emirates,Dubai,,,http://www.linkedin.com/company/swavyapp,
Reachr,reachrsocial.com,United Arab Emirates,,,,http://www.linkedin.com/company/reachrsocial,
Susurrus,susurrus.io,United Arab Emirates,,,,http://www.linkedin.com/company/susurrus,
Diva Talent Production and Event,divadubai.com,United Arab Emirates,Dubai,,,http://www.linkedin.com/company/divadubaimodels,
Starlyst,starlyst.co,United Arab Emirates,Dubai,,,http://www.linkedin.com/company/starlyst,
"Try-gc.com ""Grand Community""",try-gc.com,Saudi Arabia,Riyadh,,,http://www.linkedin.com/company/trygcofficial,
Co-Influencer,co-influencer.com,Turkey,Istanbul,,,http://www.linkedin.com/company/coinfluencerapp,
clipkit Turkey,clipkit.com.tr,Turkey,,,,http://www.linkedin.com/company/clipkitturkey,
Air,air.com.vc,Brazil,Sao Paulo,,,http://www.linkedin.com/company/air-com-vc,
IWM,iwm.digital,Brazil,Sao Paulo,,,http://www.linkedin.com/company/iwm-agency,
KR3W,kr3w.gg,Brazil,,,,http://www.linkedin.com/company/kr3w,
ELEV-C,elev-c.com,Brazil,Caruaru,,,http://www.linkedin.com/company/elev-c,
Estudio Merca | Ecommerce & Digital Marketing Agency,estudiomerca.mx,Mexico,Leon,,,http://www.linkedin.com/company/estudiomerca,
Nuggit,go-nuggit.com,United Kingdom,London,,,http://www.linkedin.com/company/go-nuggit,
Outfts (Acquired by Amaze),outfts.com,United Kingdom,London,,,http://www.linkedin.com/company/outfts,
Pro & Me,proandme.de,Germany,Berlin,,,http://www.linkedin.com/company/proandme,
Picstagraph GmbH,picstagraph.com,Germany,Mainz,,,http://www.linkedin.com/company/picstagraph-gmbh,
Ramdam,ramd.am,France,Paris,,,http://www.linkedin.com/company/ramdamapp,
Btrend,btrendapp.com,France,Paris,,,http://www.linkedin.com/company/btrend,
Sampleo (Webedia Creators),webedia-creators.com,France,Levallois-Perret,,,http://www.linkedin.com/company/sampleo-sas,
Influencer,influencer.uk,United Kingdom,,,,http://www.linkedin.com/company/influencer,
audience2media.com,audience2media.com,United Kingdom,London,,,http://www.linkedin.com/company/704867,
Influfinder,influencersinc.com,United Kingdom,,,,http://www.linkedin.com/company/influfinder-com,
The People Branding Company,thepeoplebrandingcompany.com,Germany,Munich,,,http://www.linkedin.com/company/the-people-branding-company,
VerSe Innovation,verse.in,India,Bengaluru,,,http://www.linkedin.com/company/verse-innovation,
Chtrbox,chtrbox.com,India,Mumbai,,,http://www.linkedin.com/company/chtrbox,
Boxedge Solutions - Turning Brands Into Legends.,boxedge.co.in,India,Bengaluru,,,http://www.linkedin.com/company/outoftheboxedge,
Svahub Media,svahubmedia.com,India,Ernakulam,,,http://www.linkedin.com/company/svahubmedia,
Mindbuzz,mindbuzz.in,India,New Delhi,,,http://www.linkedin.com/company/mindbuzzdigital,
Fancall Private Limited,fancall.in,India,Ahmedabad,,,http://www.linkedin.com/company/fancall-private-limited,
BITS Goa Consulting Club (BGCC),bgccbitsgoa.com,India,Mormugao,,,http://www.linkedin.com/company/bits-goa-consulting-club,
Makenoise,makenoise.com,Spain,Madrid,,,http://www.linkedin.com/company/makenoise,
Continuum Media L.L.C-FZ,continuummedia.me,United Arab Emirates,Dubai,,,http://www.linkedin.com/company/the-continuum-media,
Hyperiser,hyperiser.com,Turkey,Istanbul,,,http://www.linkedin.com/company/hyperiser,
Infleux,infleux.co,Brazil,Barueri,,,http://www.linkedin.com/company/infleux,
Brandwatch,crimsonhexagon.com,United Kingdom,London,,,http://www.linkedin.com/company/brandwatch,
Greenlight,bravebison.com,United Kingdom,,,,http://www.linkedin.com/company/brave-bison,
Pretty Little Marketer,prettylittlemarketer.com,United Kingdom,London,,,http://www.linkedin.com/company/prettylittlemarketer,
Favola,favola.co.uk,United Kingdom,London,,,http://www.linkedin.com/company/favolaagency,
Mobile Streams PLC,mobilestreams.com,United Kingdom,London,,,http://www.linkedin.com/company/mobile-streams,
Cision UK,cision.co.uk,United Kingdom,London,,,http://www.linkedin.com/company/cision-uk,
We Are Hydrogen,wearehydrogen.com,United Kingdom,Glasgow,,,http://www.linkedin.com/company/wearehydrogen,
OST,ostmarketing.com,United Kingdom,Cambridge,,,http://www.linkedin.com/company/10804189,
Dizplai,dizplai.com,United Kingdom,Manchester,,,http://www.linkedin.com/company/dizplai,
Openstage,openstage.live,United Kingdom,London,,,http://www.linkedin.com/company/openstagelive,
socialed.,socialedagency.com,United Kingdom,,,,http://www.linkedin.com/company/socialedagency,
Antler Social,antlersocial.com,United Kingdom,London,,,http://www.linkedin.com/company/antlersocial,
Blue Robot,bluerobot.com,United Kingdom,,,,http://www.linkedin.com/company/blue-robot,
The Hook,bravebison.io,United Kingdom,,,,http://www.linkedin.com/company/brave-bison,
Part Three Digital,partthreedigital.com,United Kingdom,Belfast,,,http://www.linkedin.com/company/part-three-digital,
Rising Ballers,risingballers.co,United Kingdom,,,,http://www.linkedin.com/company/risingballers,
Converge Technology Solutions UK,convergetp.co.uk,United Kingdom,Stafford,,,http://www.linkedin.com/company/convergetechnologysolutionsuk,
Onyx Commerce,onyxco.io,United Kingdom,London,,,http://www.linkedin.com/company/onyxsocialcommerce,
Convosphere,convosphere.com,United Kingdom,London,,,http://www.linkedin.com/company/convosphere-limited,
SMMS (Social Media Makes Sense),socialmediamakessense.co.uk,United Kingdom,Mottram in Longdendale,,,http://www.linkedin.com/company/smmsguru,
PUBLC,publc.com,United Kingdom,London,,,http://www.linkedin.com/company/publc,
Zebr,zebr.app,United Kingdom,,,,http://www.linkedin.com/company/zebrcompany,
Overton,overton.io,United Kingdom,London,,,http://www.linkedin.com/company/openpolicy,
agency2,agency2.co.uk,United Kingdom,London,,,http://www.linkedin.com/company/agency2,
OnSocial,onsocial.agency,United Kingdom,London,,,http://www.linkedin.com/company/onsocialagency,
Go Instore (Now Emplifi),goinstore.com,United Kingdom,London,,,http://www.linkedin.com/company/goinstore,
1-888-ECHO,1-888-echo.ooo,United Kingdom,Stony Stratford,,,http://www.linkedin.com/company/1-888-echo,
Our Brand Social Ltd,ourbrandsocial.com,United Kingdom,London,,,http://www.linkedin.com/company/on-brand-social-ltd,
Capture Intelligence,captureintelligence.com,United Kingdom,London,,,http://www.linkedin.com/company/capture-intelligence,
Zingshare,sharewithmarvin.io,United Kingdom,Spalding,,,http://www.linkedin.com/company/zingshare,
The Media Eye,themediaeye.com,United Kingdom,London,,,http://www.linkedin.com/company/the-media-eye,
BBL/P,bblandpartners.com,United Kingdom,London,,,http://www.linkedin.com/company/bbl-p,
Don't Buy Media,dontbuymedia.com,United Kingdom,London,,,http://www.linkedin.com/company/dont-buy-media,
GT | Greentarget UK,greentarget.co.uk,United Kingdom,London,,,http://www.linkedin.com/company/gt-greentarget-uk-pr-agency,
Formula Media,formulamedia.com,United Kingdom,London,,,http://www.linkedin.com/company/formula-media,
RODEN,roden.agency,United Kingdom,London,,,http://www.linkedin.com/company/rodenagency,
inLinx Ltd,inlinx.com,United Kingdom,London,,,http://www.linkedin.com/company/inlinx-limited,
Mawave Marketing GmbH,mawave.de,Germany,Munich,,,http://www.linkedin.com/company/mawave-marketing,
Facelift,facelift-bbt.com,Germany,Hamburg,,,http://www.linkedin.com/company/facelift-brand-building-technologies-gmbh,
buddybrand GmbH,buddybrand.com,Germany,,,,http://www.linkedin.com/company/buddybrand,
PlayTheHype,playthehype.com,Germany,Berlin,,,http://www.linkedin.com/company/playthehype,
Labs Management,labs.management,Germany,,,,http://www.linkedin.com/company/labsmanagement,
von Fred,von-fred.de,Germany,Hamburg,,,http://www.linkedin.com/company/von-fred,
social media agentur famefact | track by track GmbH,famefact.com,Germany,Berlin,,,http://www.linkedin.com/company/famefact,
LILL Social Media Kontor,lill.social,Germany,Hamburg,,,http://www.linkedin.com/company/lill-social-media-content-creation,
ringlights GmbH,ringlights.de,Germany,Cologne,,,http://www.linkedin.com/company/ringlights,
eyva.ai,eyva.ai,Germany,Cologne,,,http://www.linkedin.com/company/eyva-ai,
comdaily,comdaily.ai,Germany,Koeln,,,http://www.linkedin.com/company/comdailyai,
Social Attention GmbH,socialattention.de,Germany,Duesseldorf,,,http://www.linkedin.com/company/social-attention,
Playful Media,playfulmedia.de,Germany,Berlin,,,http://www.linkedin.com/company/playful-media,
promoplug,promoplug.de,Germany,,,,http://www.linkedin.com/company/promoplug,
Super Spa,superspa.de,Germany,Hamburg,,,http://www.linkedin.com/company/superspa,
We Influence People,weinfluencepeople.com,Germany,Berlin,,,http://www.linkedin.com/company/we-influence-people,
BURmedia Agency,bur-media.com,Germany,Berlin,,,http://www.linkedin.com/company/bur-media-online-marketing-agentur,
Meershare GmbH,meershare.de,Germany,,,,http://www.linkedin.com/company/meershare,
Influanza GmbH,influanza.com,Germany,Berlin,,,http://www.linkedin.com/company/influanza,
Webcafe,webcafe.bg,Germany,Bautzen,,,http://www.linkedin.com/company/webcafebg,
Cherry Pick,cherry-pick.io,France,Paris,,,http://www.linkedin.com/company/cherry-pick-freelances,
Dataventure | EDG Group,dataventure.com,France,Boulogne-Billancourt,,,http://www.linkedin.com/company/dataventure-group,
UNFOLD,unfold.com,France,Paris,,,http://www.linkedin.com/company/unfold-production,
Dire,dire.agency,France,Paris,,,http://www.linkedin.com/company/dire-agency,
Amnet Group,amnetgroup.com,France,Paris,,,http://www.linkedin.com/company/amnetgroup,
CARBURANT,carburant.fr,France,Paris,,,http://www.linkedin.com/company/carburant,
Roxane,roxane.community,France,Paris,,,http://www.linkedin.com/company/roxane-community,
Bull,bull.com,France,Les Clayes-sous-Bois,,,http://www.linkedin.com/company/bull,
UPDATED,weareupdated.com,France,,,,http://www.linkedin.com/company/weareupdated,
Dataxis,dataxis.com,France,Paris,,,http://www.linkedin.com/company/dataxis,
TRENDZ,trendzagency.fr,France,Lyon,,,http://www.linkedin.com/company/trendztheagency,
Lookoom,lookoom.co,France,Paris,,,http://www.linkedin.com/company/lookoom,
Cine Society,cinesociety.fr,France,Paris,,,http://www.linkedin.com/company/cinesociety,
Le café de l'influence,cafedelinfluence.com,France,Paris,,,http://www.linkedin.com/company/le-cafe-virtuel-influence,
SoCheers,socheers.net,India,Mumbai,,,http://www.linkedin.com/company/socheers,
ABC Media Company,abcmediacompany.com,India,Mumbai,,,http://www.linkedin.com/company/abccdrgrr23fverg3b,
FCB Ulka,fcbulka.com,India,Mumbai,,,http://www.linkedin.com/company/fcb-ulka,
MindInventory,mindinventory.com,India,Ahmedabad,,,http://www.linkedin.com/company/mindinventory,
Innefu Labs,innefu.com,India,New Delhi,,,http://www.linkedin.com/company/innefulabs,
Affise,bobble.ai,India,Gurugram,,,http://www.linkedin.com/company/bobble-app,
Hansa Cequity,hansacequity.com,India,Mumbai,,,http://www.linkedin.com/company/hansacustomerequity,
Trailytics AI,trailytics.com,India,Gurugram,,,http://www.linkedin.com/company/trailytics,
Fables,fables.in,India,Gurugram,,,http://www.linkedin.com/company/fables,
Chatterbox Communication,chatterboxcommunication.in,India,New Delhi,,,http://www.linkedin.com/company/chatterbox-communication,
TransOrg Analytics,transorg.ai,India,Gurugram,,,http://www.linkedin.com/company/transorg-solutions-&-services,
Redwood Algorithms,redwoodalgorithms.com,India,Bengaluru,,,http://www.linkedin.com/company/redwood-algorithms,
Acture Media,acturemedia.com,India,Mumbai,,,http://www.linkedin.com/company/acturemedia,
Sociall.in,sociall.in,India,Chennai,,,http://www.linkedin.com/company/sociall-in,
Prose Integrated,proseintegrated.com,India,Mumbai,,,http://www.linkedin.com/company/proseintegrated,
QWERTY BRAND SOLUTIONS,qwertybrandsolutions.com,India,Gurugram,,,http://www.linkedin.com/company/qwerty-brand-solutions,
Think Tree Media House,thinktreemedia.in,India,Bengaluru,,,http://www.linkedin.com/company/think-tree-media-house,
Technologia,technologiaworld.com,India,Bengaluru,,,http://www.linkedin.com/company/technologia,
The Hustler Collective,thehustlercollective.com,India,New Delhi,,,http://www.linkedin.com/company/thehustlercollective,
Gemius Studios,gemius.co,India,Surat,,,http://www.linkedin.com/company/gemiusindia,
Urja Communications Pvt. Ltd.,urja.com,India,Mumbai,,,http://www.linkedin.com/company/urja-stretchinggoats,
Macaw Digital,macawdigital.in,India,Hyderabad,,,http://www.linkedin.com/company/macawdigi,
SocialChaat,socialchaat.com,India,Panchkula,,,http://www.linkedin.com/company/socialchaat,
Webfries,webfries.com,India,Gurugram,,,http://www.linkedin.com/company/webfries,
Cha-Chi,cha-chi.in,India,Gurugram,,,http://www.linkedin.com/company/cha-chi,
Fourart,fourartdesigns.com,India,Ernakulam,,,http://www.linkedin.com/company/fourart,
BCCI,bcci.tv,India,Mumbai,,,http://www.linkedin.com/company/dawnraid3,
Being Addictive,beingaddictive.com,India,Pune,,,http://www.linkedin.com/company/being-addictive,
Sked Social,skedsocial.com,Australia,Melbourne,,,http://www.linkedin.com/company/getskedsocial,
Sentient,sentient.com,Australia,Melbourne,,,http://www.linkedin.com/company/sentientagency,
Windsorborn,windsorborn.com,Australia,Sydney,,,http://www.linkedin.com/company/windsorborn-design-studio,
Kitly Business,kitlybusiness.co,Australia,Haymarket,,,http://www.linkedin.com/company/kitlybusiness,
Ivy Social,ivysocial.com.au,Australia,Canberra,,,http://www.linkedin.com/company/ivy-social,
Distil,distilagency.com,Australia,Sydney,,,http://www.linkedin.com/company/distilagency,
Aptus Business Solutions Pty Ltd,aptusbusiness.com.au,Australia,Adelaide,,,http://www.linkedin.com/company/aptus-business-solutions-pty-ltd,
Thinkfield,thinkfield.com.au,Australia,Leederville,,,http://www.linkedin.com/company/thinkfield,
Clive Media Group Ltd,clivemedia.com.au,Australia,Melbourne,,,http://www.linkedin.com/company/clive-media-group,
Red Points,redpoints.com,Spain,Barcelona,,,http://www.linkedin.com/company/redpoints,
RavenPack,ravenpack.com,Spain,Marbella,,,http://www.linkedin.com/company/ravenpack,
This is Odd,thisisodd.es,Spain,Barcelona,,,http://www.linkedin.com/company/thisisodd,
Finect,finect.com,Spain,Madrid,,,http://www.linkedin.com/company/finect,
magnettu,magnettu.com,Spain,Barcelona,,,http://www.linkedin.com/company/magnettu,
Besocy,besocy.com,Spain,Madrid,,,http://www.linkedin.com/company/besocy-com,
Equipo RS,biolink777.com,Spain,Sabadell,,,http://www.linkedin.com/company/tuoficinaencasa,
aló,teamalo.com,United Arab Emirates,Dubai,,,http://www.linkedin.com/company/theteamalo,
Netizency,netizency.com,United Arab Emirates,Dubai,,,http://www.linkedin.com/company/netizency,
Diginet Global,diginet.media,United Arab Emirates,Dubai,,,http://www.linkedin.com/company/diginetglobal,
Kedoo Entertainment,kedoo.com,United Arab Emirates,Dubai,,,http://www.linkedin.com/company/kedoo-entertainment,
Cicero & Bernay,ciceroandbernay.com,United Arab Emirates,Dubai,,,http://www.linkedin.com/company/ciceroandbernay,
Studia 54,studia-54.com,United Arab Emirates,Dubai,,,http://www.linkedin.com/company/studia-54,
Realist Media,realistmedia.com,United Arab Emirates,Sharjah,,,http://www.linkedin.com/company/irealistmedia,
Digital Links,digitallinkspro.com,United Arab Emirates,Abu Dhabi,,,http://www.linkedin.com/company/digital-linkspro,
Reactive Space,reactivespace.com,United Arab Emirates,Dubai,,,http://www.linkedin.com/company/reactivespace,
Wide Lens Marketing,widelens.info,United Arab Emirates,Dubai,,,http://www.linkedin.com/company/wide-lens,
Angry.Space,angry.space,United Arab Emirates,Dubai,,,http://www.linkedin.com/company/angryspace,
AVELA Media,avela.media,United Arab Emirates,Dubai,,,http://www.linkedin.com/company/avela-media,
منحنى | Monhna,monhna.com,Saudi Arabia,Mecca,,,http://www.linkedin.com/company/monhnacom,
tact Digital Communication,tact.sa,Saudi Arabia,Riyadh,,,http://www.linkedin.com/company/tact-digital-communication,
Merkai | ميركاي,merkai.sa,Saudi Arabia,Riyadh,,,http://www.linkedin.com/company/merakiadv,
Osolutions,osolutions.digital,Saudi Arabia,Jeddah,,,http://www.linkedin.com/company/osolutions-digital,
Mubasher.Info معلومات مباشر,mubasher.info,Saudi Arabia,Riyadh,,,http://www.linkedin.com/company/mubasher-info,
Shahry,crowdanalyzer.com,Saudi Arabia,Riyadh,,,http://www.linkedin.com/company/crowdanalyzer,
سمارت كود Smart Code,smartcode.sa,Saudi Arabia,Riyadh,,,http://www.linkedin.com/company/smart-code,
Seven Dimensions,7di.sa,Saudi Arabia,Riyadh,,,http://www.linkedin.com/company/7di-co,
Bayan (Data science & Artificial intelligence),bayandata.sa,Saudi Arabia,Riyadh,,,http://www.linkedin.com/company/bayandata,
Muhimma Digital Platform Co.,muhimmaapp.com,Saudi Arabia,Riyadh,,,http://www.linkedin.com/company/muhimmaapp,
جمعية اكتفاء لتمكين الأسر,ektfa.org.sa,Saudi Arabia,Riyadh,,,http://www.linkedin.com/company/%d8%ac%d9%85%d8%b9%d9%8a%d8%a9-%d8%a7%d9%83%d8%aa%d9%81%d8%a7%d8%a1-%d9%84%d8%aa%d9%85%d9%83%d9%8a%d9%86-%d8%a7%d9%84%d8%a3%d8%b3%d8%b1,
التنمية المتكاملة للتعليم والتدريب ||  Integrated Development For Education and Training,altanmiyah.edu.sa,Saudi Arabia,Riyadh,,,http://www.linkedin.com/company/altanmiyah-sa,
Marketly ماركتلي,marketlysa.com,Saudi Arabia,Riyadh,,,http://www.linkedin.com/company/marketly-solution,
Social Nuts,social-nuts.com,Egypt,Cairo,,,http://www.linkedin.com/company/social-nuts-digital-marketing,
KAIRO,kairo.me,Egypt,,,,http://www.linkedin.com/company/kairo,
Innovation Technology,innvtech.com,Egypt,,,,http://www.linkedin.com/company/innovationtechh,
Adham Hossam,adhamhossam.com,Egypt,Cairo,,,http://www.linkedin.com/company/adham-hossam,
TheBAKERS,thebakers.world,Egypt,,,,http://www.linkedin.com/company/thebakersworldz,
Sircles Digital Marketing Agency,getsircles.com,Egypt,New Cairo City,,,http://www.linkedin.com/company/getsircles,
nichebell,nichebell.com,Egypt,Sheikh Zayed City,,,http://www.linkedin.com/company/nichebell,
7P Marketing & Software,aisevenp.com,Egypt,,,,http://www.linkedin.com/company/7p-marketing-software,
Creative Agency,creative.com.eg,Egypt,,,,http://www.linkedin.com/company/creative-agency,
Tech Village for Marketing Solutions,techvillageco.com,Egypt,New Cairo City,,,http://www.linkedin.com/company/techvillageegypt,
Trickaa Marketing Agency,trickaa.com,Egypt,,,,http://www.linkedin.com/company/trickaaeg,
WeLog Social,welogsocial.com,Turkey,Istanbul,,,http://www.linkedin.com/company/welogagency,
Muse İstanbul,muse.istanbul,Turkey,Istanbul,,,http://www.linkedin.com/company/museistanbul,
Hoops,hoops.com.tr,Turkey,Istanbul,,,http://www.linkedin.com/company/hoopstheagency,
Altavia Dekatlon,altavia-dekatlon.com,Turkey,Istanbul,,,http://www.linkedin.com/company/altaviadekatlon,
BuKafa Medya,bukafamedya.com,Turkey,Istanbul,,,http://www.linkedin.com/company/bukafa-medya,
gricreative,gricreative.com,Turkey,Istanbul,,,http://www.linkedin.com/company/gri-creative,
BUZZ,buzz.work,Turkey,,,,http://www.linkedin.com/company/buzz-2.0-digital-pr-and-advisory,
Digital Age,digitalage.com.tr,Turkey,Istanbul,,,http://www.linkedin.com/company/digital-age-dergisi,
Trendx,trendx.media,Turkey,Antakya,,,http://www.linkedin.com/company/trendxco,
Soyka Agency,soyka-agency.com,Turkey,Istanbul,,,http://www.linkedin.com/company/soyka-agency,
Imprint,cycurity-imprint.com,Israel,Tel Aviv-Yafo,,,http://www.linkedin.com/company/imprint-social,
Yozmot Atid יוזמות עתיד,yozmotatid.org.il,Israel,Rehovot,,,http://www.linkedin.com/company/yozmotatid-%d7%99%d7%95%d7%96%d7%9e%d7%95%d7%aa-%d7%a2%d7%aa%d7%99%d7%93,
Gad Dairy,gad-dairy.co.il,Israel,Tel Aviv-Yafo,,,http://www.linkedin.com/company/gad-dairy,
Peer Levin Communications,plpr.co.il,Israel,Tel Aviv-Yafo,,,http://www.linkedin.com/company/peerlevin,
SHOUT.GROUP,shout.market,Israel,Tel Aviv-Yafo,,,http://www.linkedin.com/company/shoutgroup,
LOTAN,lotan-pr.com,Israel,,,,http://www.linkedin.com/company/lotanbprd,
Yedidim 1230,yedidim-il.org,Israel,Giv'at Shmuel,,,http://www.linkedin.com/company/yedidim-road-side-services,
Sunflowers - חמניות,hamaniot.org,Israel,Tel Aviv-Yafo,,,http://www.linkedin.com/company/sunflowers-npo,
AKM,akm.com.br,Brazil,Sao Paulo,,,http://www.linkedin.com/company/akmagencia,
Mutato,muta.to,Brazil,Sao Paulo,,,http://www.linkedin.com/company/mutato,
Performa Web: Agência de Marketing Digital,performaweb.com.br,Brazil,Sao Paulo,,,http://www.linkedin.com/company/performa-web,
DZ Estúdio,dzestudio.com.br,Brazil,Porto Alegre,,,http://www.linkedin.com/company/dzestudio,
Koko Agency,agenciakoko.com.br,Brazil,Rio de Janeiro,,,http://www.linkedin.com/company/agenciakoko,
TM Comunicações,tmcomunicacoes.com.br,Brazil,Sao Paulo,,,http://www.linkedin.com/company/tm-comunica%c3%a7%c3%b5es,
Elife,elife.com.br,Brazil,Sao Paulo,,,http://www.linkedin.com/company/elifegroup,
Inbazz,inbazz.com.br,Brazil,Vitoria,,,http://www.linkedin.com/company/inbazz,
Multisolution,multisolution.art.br,Brazil,Sao Paulo,,,http://www.linkedin.com/company/ag%c3%aancia-multisolution,
Wings Agência,wingsagencia.com.br,Brazil,Sao Paulo,,,http://www.linkedin.com/company/agenciawings,
Conjunto Comunicação,conjunto.com.br,Brazil,Porto Alegre,,,http://www.linkedin.com/company/conjunto-comunica%c3%a7%c3%a3o,
Gruv,gruv.com.br,Brazil,Brasilia,,,http://www.linkedin.com/company/gruv,
v-tracker,vtracker.com.br,Brazil,Sao Paulo,,,http://www.linkedin.com/company/v-tracker,
Manda Publi Consultoria,mandapubli.com,Brazil,Rio de Janeiro,,,http://www.linkedin.com/company/consultoria-natasha-rattacasso,
Sala 10 Comunicação,saladez.com.br,Brazil,Joao Pessoa,,,http://www.linkedin.com/company/sala-10-comunicacao,
FTW Co.,ftwcomunicacao.com.br,Brazil,,,,http://www.linkedin.com/company/ftw-comunicacao,
FCB Newlink,fcbnewlink.com,Mexico,Mexico City,,,http://www.linkedin.com/company/fcbnlk,
Wivboost,wivboost.com,Mexico,Mexico City,,,http://www.linkedin.com/company/wivboost,
Lievant,lievant.com,Mexico,Leon,,,http://www.linkedin.com/company/lievant,
SWARM RESEARCH,swarmresearch.com,Mexico,Mexico City,,,http://www.linkedin.com/company/swarmdataandpeople,
COMA,comaproductora.com,Mexico,Mexico City,,,http://www.linkedin.com/company/coma-productora,
BBDO México,bbdomexico.com,Mexico,,,,http://www.linkedin.com/company/bbdomx,
alterpraxis,alterpraxis.com,Mexico,Mexico City,,,http://www.linkedin.com/company/alterpraxis,
Social Trending,socialtrending.mx,Mexico,Monterrey,,,http://www.linkedin.com/company/escrito,
Estel,estelcommunications.com,Mexico,Mexico City,,,http://www.linkedin.com/company/estelcommunications,
Digital Venture,digitalventure.mx,Mexico,Mexico City,,,http://www.linkedin.com/company/digitalventuremx,
Partners Digital,partnersdigital.com.co,Colombia,Bogota,,,http://www.linkedin.com/company/partners-digital-1,
H2A GROUP,h2a.com.co,Colombia,Medellin,,,http://www.linkedin.com/company/h2a-brand-solutions,
BASICA S.A.S,basica.us,Colombia,Medellin,,,http://www.linkedin.com/company/basica-s-a-s,
FRST,fcbfrst.com,Colombia,Bogota,,,http://www.linkedin.com/company/fcbfrst,
Nativo Digital Agencia,nativodigitalagencia.com,Colombia,Manizales,,,http://www.linkedin.com/company/nativo-digital-agencia,
Media Lab Agency 🚀,medialab.agency,Argentina,Buenos Aires,,,http://www.linkedin.com/company/medialab-agency,
Wise CX,wisecx.com,Argentina,Cordoba,,,http://www.linkedin.com/company/wise-cx,
Mobile First,hellomobilefirst.com,Argentina,Buenos Aires,,,http://www.linkedin.com/company/mobile-firstt,
Infobae,infobae.com,Argentina,Buenos Aires,,,http://www.linkedin.com/company/infobae,
Socialité,socialitelatam.com,Argentina,Buenos Aires,,,http://www.linkedin.com/company/socialite-press-&-pr,
Prosumia,prosumia.la,Argentina,Olivos,,,http://www.linkedin.com/company/prosumia,
Unicornio Agencia,unicornioagencia.com,Argentina,Buenos Aires,,,http://www.linkedin.com/company/agustina-bassi-pr,
Muna,muna.ar,Argentina,Buenos Aires,,,http://www.linkedin.com/company/muna-agencia,
Sozie,sozie.com,United Kingdom,London,,,http://www.linkedin.com/company/sozie,
Moggo,moggo.fr,France,Lyon,,,http://www.linkedin.com/company/moggo,
Sixteenth,sixteenth.com,United Kingdom,,,,http://www.linkedin.com/company/sixteenth,
Unravel,unravelapp.com,United Kingdom,London,,,http://www.linkedin.com/company/unravelapp,
Mosaic Ventures,mosaicventures.com,United Kingdom,London,,,http://www.linkedin.com/company/mosaic-ventures,
Seedcamp,seedcamp.com,United Kingdom,London,,,http://www.linkedin.com/company/seedcamp_2,
Cowshed Collective,cowshedcollective.com,United Kingdom,London,,,http://www.linkedin.com/company/cowshed-collective,
OhChat,ohchat.me,United Kingdom,,,,http://www.linkedin.com/company/ohchatai,
Amazy.uk,amazy.uk,United Kingdom,Northwood,,,http://www.linkedin.com/company/amazy,
Capstone Media,capstoneclips.com,United Kingdom,London,,,http://www.linkedin.com/company/capstone-digital,
Channl,channl.com,United Kingdom,Manchester,,,http://www.linkedin.com/company/channlhq,
🍉MELON,melon.ooo,United Kingdom,London,,,http://www.linkedin.com/company/melonooo,
bCreator™,bcreator.co.uk,United Kingdom,London,,,http://www.linkedin.com/company/bcreatoruk,
t2.world,t2.world,United Kingdom,London,,,http://www.linkedin.com/company/t2-world,
ICONOME,jetmedianetwork.com,United Kingdom,London,,,http://www.linkedin.com/company/iconome,
Travel Massive,travelmassive.com,United Kingdom,Edinburgh,,,http://www.linkedin.com/company/travel-massive,
SendOwl,sendowl.com,United Kingdom,London,,,http://www.linkedin.com/company/sendowl,
theLEAP,theleap.io,United Kingdom,Royal Leamington Spa,,,http://www.linkedin.com/company/theleapio,
Elevista.ai | The AI-powered Audience Growth Platform,elevista.ai,United Kingdom,London,,,http://www.linkedin.com/company/27136006,
Dream Bay Group,dreambaygroup.com,United Kingdom,London,,,http://www.linkedin.com/company/dream-bay-group,
Tick Tock Unlock,ticktockunlock.com,United Kingdom,Leeds,,,http://www.linkedin.com/company/tick-tock-unlock,
Amplify,amplifycreators.com,United Kingdom,London,,,http://www.linkedin.com/company/amplify-creators,
Take Up Space,takeupspace.io,United Kingdom,Edinburgh,,,http://www.linkedin.com/company/takeupspace,
Greenfish.io,greenfish.io,United Kingdom,London,,,http://www.linkedin.com/company/greenfishltd,
Stonebridge,stonebridge.gg,United Kingdom,London,,,http://www.linkedin.com/company/stonebridgecapitalpartners,
TIME Marketplace,time.stream,United Kingdom,,,,http://www.linkedin.com/company/time-stream,
Pushbio,pushbio.io,United Kingdom,,,,http://www.linkedin.com/company/pushbio,
Swift Media,swiftmediatalent.com,United Kingdom,London,,,http://www.linkedin.com/company/swiftmediagroup,
Eventlaunch,heycreators.co,United Kingdom,London,,,http://www.linkedin.com/company/heycreators,
Clak,clak.me,United Kingdom,London,,,http://www.linkedin.com/company/clakme,
LUKSO,lukso.network,Germany,,,,http://www.linkedin.com/company/lukso,
Layla,layla.ai,Germany,Berlin,,,http://www.linkedin.com/company/layla-ai,
TA Ventures,taventures.vc,Germany,Frankfurt,,,http://www.linkedin.com/company/ta-ventures,
Unyfy,unyfy.io,Germany,Brunswick,,,http://www.linkedin.com/company/unyfyio,
ALL IN -Artist Management,all-in.social,Germany,Cologne,,,http://www.linkedin.com/company/allinornothing,
MultiDrop,multidrop.com,Germany,Cologne,,,http://www.linkedin.com/company/multidrop,
EarlyGame Group,earlygamegroup.com,Germany,Munich,,,http://www.linkedin.com/company/earlygame,
Hamburg Investors Network,zez.am,Germany,Hamburg,,,http://www.linkedin.com/company/hamburg-investors-network,
NClip,nclip.io,Germany,Cologne,,,http://www.linkedin.com/company/nclip,
freekickerz,freekickerz.net,Germany,Stuttgart,,,http://www.linkedin.com/company/freekickerz,
RS Productline,rs-seliger.de,Germany,Norderstedt,,,http://www.linkedin.com/company/roman-seliger-armaturenfabrik-gmbh,
Creative Group,creative-group.fr,France,Paris,,,http://www.linkedin.com/company/creativegroup-fr,
Ellenox,ellenox.com,India,Bengaluru,,,http://www.linkedin.com/company/ellenox,
Pulpkey - The Influencer Marketing Company,pulpkey.com,India,Bengaluru,,,http://www.linkedin.com/company/pulpkey,
Declone Labs PVT LTD,declone.io,India,Surat,,,http://www.linkedin.com/company/declone-labs-pvt-ltd,
SuperShare,ssup.co,India,Bengaluru,,,http://www.linkedin.com/company/supershare,
Tute Consult,tute.co.in,India,Mumbai,,,http://www.linkedin.com/company/tute-consult,
MyScoot,myscoot.in,India,New Delhi,,,http://www.linkedin.com/company/myscootin,
Ginie Digital,giniedigital.com,India,Solan,,,http://www.linkedin.com/company/ginie-digital,
UUKI,uuki.live,India,Bengaluru,,,http://www.linkedin.com/company/uuki,
ezage.ai,ezage.ai,India,Bengaluru,,,http://www.linkedin.com/company/ezage-ai,
Wish A Brand,wishabrand.in,India,New Delhi,,,http://www.linkedin.com/company/wishabrand,
TrainerCentral,trainercentral.com,India,Chennai,,,http://www.linkedin.com/company/trainercentral,
Thousand Faces Club,thousandfaces.club,India,Bengaluru,,,http://www.linkedin.com/company/thousand-faces-club,
Renown - Do What You Love,renown.club,India,Bengaluru,,,http://www.linkedin.com/company/actualfans,
GARI®️,gari.network,India,Bengaluru,,,http://www.linkedin.com/company/garinetwork,
Xtrapp,xtrapp.co,India,Gurgaon,,,http://www.linkedin.com/company/xtrapp,
Envision Labs,envisionlabs.io,Australia,Perth,,,http://www.linkedin.com/company/envision-labs-web3,
Centennial World,centennialworld.com,Australia,Sydney,,,http://www.linkedin.com/company/centennial-world,
UNDRGRND,undrgrnd.io,Australia,Sunshine Coast,,,http://www.linkedin.com/company/undrgrndnft,
Bethey,bethey.com,Spain,Barcelona,,,http://www.linkedin.com/company/bethey,
ScaleLab,http://www.scalelabandorra.com,Spain,Madrid,,,http://www.linkedin.com/company/scalelabcompany,
Grow Studio,growstudio.io,United Arab Emirates,Dubai,,,http://www.linkedin.com/company/thegrowgroup,
Fuse Finance,fuse.me,United Arab Emirates,Dubai,,,http://www.linkedin.com/company/91046896,
Talent Plus,talentplus.me,United Arab Emirates,Dubai,,,http://www.linkedin.com/company/talentplusme,
xHaven,xhaven.io,United Arab Emirates,Dubai,,,http://www.linkedin.com/company/sparklesnft,
Scoop,scoop.app,United Arab Emirates,,,,http://www.linkedin.com/company/scoop-apps,
Snapmuse.io,snapmuse.io,Turkey,Istanbul,,,http://www.linkedin.com/company/snapmuseio,
Collider,collider.vc,Israel,Tel Aviv-Yafo,,,http://www.linkedin.com/company/collidervc,
Stages,stageshouston.com,Brazil,Sao Paulo,,,http://www.linkedin.com/company/stagesonline,
Kirvano,kirvano.com,Brazil,Sao Paulo,,,http://www.linkedin.com/company/kirvano,
DRUID Creative Gaming,druidcreative.gg,Brazil,Sao Paulo,,,http://www.linkedin.com/company/druidcreativegg,
Flint.me,flint.me,Brazil,Rio de Janeiro,,,http://www.linkedin.com/company/flint-me,
Basemaker,basemaker.co,Brazil,,,,http://www.linkedin.com/company/basemaker,
Paradokso,paradokso.com,Brazil,Sao Paulo,,,http://www.linkedin.com/company/paradokso,
Eluvi,eluvi.app,Brazil,Sao Paulo,,,http://www.linkedin.com/company/eluviapp,
Mastera,mastera.io,Brazil,Sao Paulo,,,http://www.linkedin.com/company/masteraag,
Vibran,vibran.io,Colombia,Bogota,,,http://www.linkedin.com/company/vibran,
Club Media,clubmedianetwork.com,Argentina,Buenos Aires,,,http://www.linkedin.com/company/club-media-argentina,
Adme,adme.com.ar,Argentina,Buenos Aires,,,http://www.linkedin.com/company/admecorp,
Dexerto,dexerto.media,United Kingdom,London,,,http://www.linkedin.com/company/dexerto-ltd,
The O2,theo2.co.uk,United Kingdom,London,,,http://www.linkedin.com/company/theo2,
Global,global.com,United Kingdom,,,,http://www.linkedin.com/company/global-media-entertainment-outdoor,
Hybrid,hybrid.co,United Kingdom,Bristol,,,http://www.linkedin.com/company/hybrid-co,
Emota,emotaexperiences.com,United Kingdom,Ashby-de-la-Zouch,,,http://www.linkedin.com/company/emota-experiences,
GIANTX,giantx.gg,United Kingdom,London,,,http://www.linkedin.com/company/giantx,
Fundamental Media,fundamentalgroup.com,United Kingdom,London,,,http://www.linkedin.com/company/fundamental-media,
Media Bodies,mediabodies.com,United Kingdom,London,,,http://www.linkedin.com/company/mediabodieslimited,
Matchroom Boxing,matchroom.com,United Kingdom,Brentwood,,,http://www.linkedin.com/company/matchroom-boxing-limited,
Lumi Global,lumiglobal.com,United Kingdom,Liphook,,,http://www.linkedin.com/company/lumiglobal,
round.,thisisround.com,United Kingdom,,,,http://www.linkedin.com/company/thisisround,
Media Chain Group Limited,mediachain.co,United Kingdom,Manchester,,,http://www.linkedin.com/company/mediachaingroup,
talkSPORT,talksport.com,United Kingdom,London,,,http://www.linkedin.com/company/talksport,
The Audience Agency,theaudienceagency.org,United Kingdom,Manchester,,,http://www.linkedin.com/company/the-audience-agency,
LiveBuzz Studio,livebuzzstudio.com,United Kingdom,London,,,http://www.linkedin.com/company/livebuzz-studio,
Wall of Entertainment,thewallofentertainment.com,United Kingdom,London,,,http://www.linkedin.com/company/wall-of-entertainment,
Visual Hive,visualhive.co,United Kingdom,London,,,http://www.linkedin.com/company/visualhive,
WatchNow TV,watchnow.tv,United Kingdom,London,,,http://www.linkedin.com/company/watchnow-tv,
CAN Digital,can-digital.net,United Kingdom,London,,,http://www.linkedin.com/company/can-digital,
LBG Media plc,lbgmedia.co.uk,United Kingdom,London,,,http://www.linkedin.com/company/lbg-media-plc,
Semmel Concerts Entertainment GmbH,semmel.de,Germany,Bayreuth,,,http://www.linkedin.com/company/semmel-concerts-entertainment-gmbh,
HORIZONT,horizont.net,Germany,Frankfurt,,,http://www.linkedin.com/company/horizont,
Bookwire GmbH,bookwire.de,Germany,Frankfurt,,,http://www.linkedin.com/company/bookwire,
TAWNY,tawny.ai,Germany,Munich,,,http://www.linkedin.com/company/tawny-ai,
Wonderland Consulting,wonderland-consulting.de,Germany,Duesseldorf,,,http://www.linkedin.com/company/wonderland-consulting,
VOGGSMEDIA,voggs.net,Germany,Ichenhausen,,,http://www.linkedin.com/company/voggsmedia,
Vivendi,vivendi.com,France,Paris,,,http://www.linkedin.com/company/vivendi,
Mediawan,mediawan.com,France,Paris,,,http://www.linkedin.com/company/mediawan-corporate,
Intuiface,intuiface.com,France,Labege,,,http://www.linkedin.com/company/intuiface,
Festival Jazz à Vienne,jazzavienne.com,France,Vienne,,,http://www.linkedin.com/company/festival-jazz-%c3%a0-vienne,
Just Media,justmediahouse.com,France,Paris,,,http://www.linkedin.com/company/justmediafr,
Dot Media,dotmediabase.com,India,Mumbai,,,http://www.linkedin.com/company/dotmediabase,
Communique India 🇮🇳,communiqueindia.com,India,Gurugram,,,http://www.linkedin.com/company/communiqueindia,
Adsolut Media,adsolut.in,India,Mumbai,,,http://www.linkedin.com/company/adsolut-media,
NeoNiche Integrated Solutions Pvt. Ltd.,neoniche.com,India,Mumbai,,,http://www.linkedin.com/company/neoniche-integrated-solutions-pvt-ltd-,
Wizcraft Entertainment Agency Pvt Ltd,wizcraft.co,India,Mumbai,,,http://www.linkedin.com/company/wizcraft-entertainment-agency-pvt-ltd,
Atrangii,atrangii.in,India,New Delhi,,,http://www.linkedin.com/company/atrangii,
HashCube,hashcube.com,India,Bengaluru,,,http://www.linkedin.com/company/hashcube,
Grapevine India,thegrapevine.co.in,India,Mumbai,,,http://www.linkedin.com/company/grapevineindia,
Redefine,redefine.in,India,New Delhi,,,http://www.linkedin.com/company/redefine-marcom-pvt-ltd,
Bootestech Solutions Pvt. Ltd.,bootestech.com,India,Pimpri-Chinchwad,,,http://www.linkedin.com/company/bootestech,
Pocket Aces,pocketaces.in,India,Mumbai,,,http://www.linkedin.com/company/pocket-aces-pictures-pvt-ltd-,
Deckster,deckster.live,India,Gurugram,,,http://www.linkedin.com/company/decskter,
Fusion Corporate Solutions Pvt. Ltd.,fusioncorp.in,India,Gurgaon,,,http://www.linkedin.com/company/fusioncorporate,
MarketBytes WebWorks Pvt. Ltd,marketbytes.in,India,Cherthala,,,http://www.linkedin.com/company/marketbytes-pvt-ltd,
Vyoma Media,vyoma-media.com,India,Bengaluru,,,http://www.linkedin.com/company/vyoma-media,
KARA Studios,karastudios.com,India,Mumbai,,,http://www.linkedin.com/company/karastudios,
Brisbane,brisbanetimes.com.au,Australia,Brisbane,,,http://www.linkedin.com/company/brisbane,
Omny Studio,omnystudio.com,Australia,Melbourne,,,http://www.linkedin.com/company/121cast,
Bang,bang.net.au,Australia,Sydney,,,http://www.linkedin.com/company/bang,
NPAW,npaw.com,Spain,Barcelona,,,http://www.linkedin.com/company/npaw,
2bLatam,2btubelatam.com,Spain,Madrid,,,http://www.linkedin.com/company/2blatam,
LAST TOUR,lasttour.org,Spain,Bilbao,,,http://www.linkedin.com/company/last-tour,
Paramount International,viacomcbsemeaa.com,Spain,Madrid,,,http://www.linkedin.com/company/paramountinternational,
AGORA SA - ASSESSORAMENT I SERVEIS,agora-sa.com,Spain,Granollers,,,http://www.linkedin.com/company/agora-sa-d'assessorament-i-serveis,
Proactiv Entertainment,proactiventertainment.com,Spain,Barcelona,,,http://www.linkedin.com/company/proactiv-s.l.,
Cinfo,cinfo.es,Spain,A Coruna,,,http://www.linkedin.com/company/cinfotv,
Condor Media,condormedia.io,Spain,Madrid,,,http://www.linkedin.com/company/condormedia,
Telefónica Educación Digital,telefonicaeducaciondigital.com,Spain,Madrid,,,http://www.linkedin.com/company/telefonica-educacion-digital,
CINESA,cinesa.es,Spain,Barcelona,,,http://www.linkedin.com/company/cinesa,
Findout Media,findoutmedia.net,Spain,,,,http://www.linkedin.com/company/findoutmedia,
Gambit PR & Communications,gambit.ae,United Arab Emirates,Dubai,,,http://www.linkedin.com/company/gambit-pr-communications,
LIDOMA VISION ESPORTS,lidoma.com,United Arab Emirates,Dubai,,,http://www.linkedin.com/company/lidomacom,
Ethara,ethara.com,United Arab Emirates,Abu Dhabi,,,http://www.linkedin.com/company/ethara-official,
Repso Live,repso.live,United Arab Emirates,Dubai,,,http://www.linkedin.com/company/repsolive,
MBC GROUP,mbc.net,Saudi Arabia,Riyadh,,,http://www.linkedin.com/company/mbcgroup,
LENZO Experiences,lenzo.me,Saudi Arabia,Jeddah,,,http://www.linkedin.com/company/lenzo-me,
Takwene,takwene.com,Egypt,,,,http://www.linkedin.com/company/takwene,
Demirören Medya,demiroren.com.tr,Turkey,Istanbul,,,http://www.linkedin.com/company/demir%c3%b6ren-medya,
Papilon,papilon.com.tr,Turkey,Ankara,,,http://www.linkedin.com/company/papilontech,
Gem Digital Agency,gemdigital.agency,Turkey,Konya,,,http://www.linkedin.com/company/gem-leads-for-b2b,
Luns,luns.io,Israel,Rishon LeTsiyon,,,http://www.linkedin.com/company/luns,
Radios 100fm,100fm.co.il,Israel,Rosh Haayin,,,http://www.linkedin.com/company/100fm,
ADSPLAY,adsplay.com.br,Brazil,Sao Paulo,,,http://www.linkedin.com/company/adsplay,
GKPB - Notícias de Marketing e Criatividade,gkpb.com.br,Brazil,Sao Paulo,,,http://www.linkedin.com/company/gkpb,
ALTMRK OOH GROUP,altermark.com,Brazil,Sao Paulo,,,http://www.linkedin.com/company/altmrk-group,
Talismã Digital,talismadigital.com.br,Brazil,Goiania,,,http://www.linkedin.com/company/talism%c3%a3-digital,
BTS Brasil,btsbrasil.tv,Brazil,Sao Paulo,,,http://www.linkedin.com/company/btsbrasiltv,
"Jovem Pan Maringá 101,3 FM",jovempan.net,Brazil,Maringa,,,http://www.linkedin.com/company/jovem-pan-maring%c3%a1,
Imagen Digital México,imagendigital.com,Mexico,Mexico City,,,http://www.linkedin.com/company/imagen-digital---grupo-imagen,
Forbes México,forbes.com.mx,Mexico,Ciudad de Mexico,,,http://www.linkedin.com/company/forbesmexico,
Grupo Expansión,grupoexpansion.com,Mexico,Ciudad de Mexico,,,http://www.linkedin.com/company/expansion,
Grupo ACIR S.A. de C.V.,grupoacir.com.mx,Mexico,Mexico City,,,http://www.linkedin.com/company/grupo-acir,
MVS Radio,mvsradio.com,Mexico,Mexico City,,,http://www.linkedin.com/company/mvs-radio,
Sony Music Entertainment México,sonymusic.com.mx,Mexico,Mexico City,,,http://www.linkedin.com/company/sony-music-entertainment-m%c3%a9xico,
TOORLY,toorly.com,Mexico,Mexico City,,,http://www.linkedin.com/company/toorly,
MainGame GG,maingamegg.com,Mexico,Puebla,,,http://www.linkedin.com/company/maingame-gg,
Artear,artear.com,Argentina,Buenos Aires,,,http://www.linkedin.com/company/artear,
Furious Gaming,furious.gg,Argentina,Buenos Aires,,,http://www.linkedin.com/company/furiousagency,
Grupo Vía,grupovia.com,Argentina,Buenos Aires,,,http://www.linkedin.com/company/grupov%c3%ada,
Torneos,torneos.com,Argentina,Buenos Aires,,,http://www.linkedin.com/company/torneos,
Grupo Clarín,grupoclarin.com,Argentina,Buenos Aires,,,http://www.linkedin.com/company/grupo-clarin,
Grupo Atlántida,atlantida.com.ar,Argentina,Buenos Aires,,,http://www.linkedin.com/company/atlantidaoficial,
Grupo Crónica,grupocronica.com.ar,Argentina,Buenos Aires,,,http://www.linkedin.com/company/grupo-cronica,
Mother Tongue,mothertongue.com,United Kingdom,London,,,http://www.linkedin.com/company/mother-tongue,
eight&four,eightandfour.com,United Kingdom,London,,,http://www.linkedin.com/company/eight-four,
20ten Creative,20tencreative.com,United Kingdom,London,,,http://www.linkedin.com/company/20ten-creative,
Welcometofrank,welcometofrank.com,United Kingdom,London,,,http://www.linkedin.com/company/welcometofrank,
Redtorch,redtorch.sport,United Kingdom,London,,,http://www.linkedin.com/company/redtorch-sport,
Levellr,levellr.com,United Kingdom,London,,,http://www.linkedin.com/company/levellr,
Relative Insight,relativeinsight.com,United Kingdom,London,,,http://www.linkedin.com/company/relative-insight,
Falcon.io,falcon.io,United Kingdom,London,,,http://www.linkedin.com/company/falconio,
Lasting Lemons,lastinglemons.com,United Kingdom,London,,,http://www.linkedin.com/company/lasting-lemons,
Spring the Agency,springtheagency.com,United Kingdom,London,,,http://www.linkedin.com/company/spring-the-agency,
Complete,wearecomplete.com,United Kingdom,London,,,http://www.linkedin.com/company/complete-marketing-agency,
PATTRNS,pattrns.uk,United Kingdom,London,,,http://www.linkedin.com/company/pattrns,
alva,alva-group.com,United Kingdom,London,,,http://www.linkedin.com/company/alva_858801,
Webcertain,webcertain.com,United Kingdom,York,,,http://www.linkedin.com/company/international-search-summit,
Interact Contact Centres,interactcc.com,United Kingdom,Richmond,,,http://www.linkedin.com/company/interact-cc,
Tribal Worldwide London,tribal.london,United Kingdom,London,,,http://www.linkedin.com/company/tribal-worldwide-london,
Radley Yeldar,ry.com,United Kingdom,London,,,http://www.linkedin.com/company/radley-yeldar,
OnAudience,onaudience.com,United Kingdom,London,,,http://www.linkedin.com/company/onaudience,
Thing or Two,thing-or-two.com,United Kingdom,Milton Keynes,,,http://www.linkedin.com/company/thing-or-two,
Walnut Unlimited,walnutunlimited.com,United Kingdom,London,,,http://www.linkedin.com/company/walnut-ltd,
Bluconnet Media,bluconnetmedia.com,United Kingdom,Slough,,,http://www.linkedin.com/company/bluconnetmedia,
The Mix Global,themixglobal.com,United Kingdom,London,,,http://www.linkedin.com/company/the-mix-global,
Cognition Solutions,cognition-solutions.com,United Kingdom,London,,,http://www.linkedin.com/company/cognitionsolutions,
Democracy PR,wearedemocracy.co.uk,United Kingdom,,,,http://www.linkedin.com/company/democracyagency,
Balance - The Financial Services Digital Marketing Agency,thebalanceagency.com,United Kingdom,Cardiff,,,http://www.linkedin.com/company/thebalanceagency,
SHOO,shoosocialmedia.co.uk,United Kingdom,Ilkley,,,http://www.linkedin.com/company/shoosocial,
Encore Digital Media,encoredigitalmedia.net,United Kingdom,,,,http://www.linkedin.com/company/encoredigitalmedia,
Spica Media,spica.media,United Kingdom,London,,,http://www.linkedin.com/company/spicamedia,
Multi Digital,multidigital.co.uk,United Kingdom,Cheltenham,,,http://www.linkedin.com/company/multidigital-marketing,
Souls & Soles,creativecultureuk.com,United Kingdom,London,,,http://www.linkedin.com/company/soulsandsolescio,
ITVT Group,itvt.de,Germany,Leonberg,,,http://www.linkedin.com/company/itvt-group,
STAN GROUP,stan-studios.com,Germany,Stuttgart,,,http://www.linkedin.com/company/stan-worldwide,
LEICHTSINN media,leichtsinn-media.de,Germany,Bremen,,,http://www.linkedin.com/company/leichtsinn-media,
Cision France,cision.fr,France,Saint-Denis,,,http://www.linkedin.com/company/cisionfrance,
European Digital Group,europeandigital-group.com,France,Paris,,,http://www.linkedin.com/company/european-digital-group,
moonlike,moonlike.fr,France,Paris,,,http://www.linkedin.com/company/moonlike-australiegad,
Brainvalue,brainvalue.com,France,Paris,,,http://www.linkedin.com/company/brain-value,
Adwise,adwise-research.com,France,Paris,,,http://www.linkedin.com/company/adwise-research,
AKIO,akio.com,France,Paris,,,http://www.linkedin.com/company/akio,
Netino by Concentrix,netino.fr,France,Paris,,,http://www.linkedin.com/company/netino,
Digital Pipelettes,digital-pipelettes.com,France,Bordeaux,,,http://www.linkedin.com/company/digital-pipelettes,
Bolt Influence,boltinfluence.agency,France,Paris,,,http://www.linkedin.com/company/bolt-influence,
L'Argus de la presse | Groupe Cision,argus-presse.fr,France,,,,http://www.linkedin.com/company/argus-de-la-presse-groupe-cision,
PARISHANGHAI,parishanghai.fr,France,Paris,,,http://www.linkedin.com/company/parishanghai,
Market Xcel Data Matrix Pvt. Ltd.,market-xcel.com,India,New Delhi,,,http://www.linkedin.com/company/market-xcel,
Tonic Worldwide,tonicworldwide.com,India,Mumbai,,,http://www.linkedin.com/company/tonicworldwide,
Boomlet,boomlet.co,India,Mumbai,,,http://www.linkedin.com/company/boomlet,
Concept PR India Ltd,conceptpr.com,India,Mumbai,,,http://www.linkedin.com/company/concept-public-relations-india-ltd,
AutumnGrey (Autumn Worldwide),autumnworldwide.com,India,Bengaluru,,,http://www.linkedin.com/company/autumngrey,
Odigma,odigma.ooo,India,Bengaluru,,,http://www.linkedin.com/company/odigma,
dau Agency,dauagency.com,India,Gurugram,,,http://www.linkedin.com/company/dauagency,
Experience Commerce,experiencecommerce.com,India,Mumbai,,,http://www.linkedin.com/company/experience-commerce,
AiQ Brand Quotient,aiqbq.com,India,Pune,,,http://www.linkedin.com/company/aiqbq,
On Direct Marketing Services,ondirect.in,India,Pune,,,http://www.linkedin.com/company/on-direct-marketing-services,
Pixel Studios Pvt. Ltd.,pixel-studios.com,India,Chennai,,,http://www.linkedin.com/company/pixel-studios-pvt-ltd,
DAAS Labs : Data And Analytics services,daaslabs.ai,India,,,,http://www.linkedin.com/company/daaslabs,
Bluetick Consultants,bluetick.co.in,India,Indore,,,http://www.linkedin.com/company/bluetickconsultantsss,
DG7,dg7.in,India,Mumbai,,,http://www.linkedin.com/company/dg7-solutions,
Emporiom Digital,emporiomdigital.com,India,Noida,,,http://www.linkedin.com/company/emporio-marketing-pvt-ltd-,
Futurlytic Private Limited,futurlytic.com,India,Bengaluru,,,http://www.linkedin.com/company/futurlytic-private-limited,
Whirlwind,whirlwind.co.in,India,Vadodara,,,http://www.linkedin.com/company/whirlwind,
Purple Brick Digital,thepurplebrick.com,India,Gurugram,,,http://www.linkedin.com/company/purple-brick-digital,
Adviciya,adviciya.com,India,Ernakulam,,,http://www.linkedin.com/company/adviciya,
Digitingo,digitingo.com,India,Chennai,,,http://www.linkedin.com/company/digitingo,
Exicon Group,exicongroup.com,India,Mumbai,,,http://www.linkedin.com/company/exicongrp,
Online Strikers,onlinestrikers.com,India,New Delhi,,,http://www.linkedin.com/company/onlinestrikers,
Xebec Communications Pvt.Ltd.,xebecindia.com,India,Pune,,,http://www.linkedin.com/company/xebecindia,
Cerebrate Solutions,cerebratesolutions.in,India,Navi Mumbai,,,http://www.linkedin.com/company/cerebrate-solutions,
LoQal AI Ventures,loqal.ai,India,New Delhi,,,http://www.linkedin.com/company/loqal-ai,
They Sway,theysway.com,India,Bengaluru,,,http://www.linkedin.com/company/theysway,
MindEdge Solutions,mindedgesolutions.com,India,Kolkata,,,http://www.linkedin.com/company/mindedge-solutions,
The Red Eyes,theredeyes.net,India,Ahmedabad,,,http://www.linkedin.com/company/theredeyes,
Mount Web Technologies,mountwebtech.com,India,Sahibzada Ajit Singh Nagar,,,http://www.linkedin.com/company/mount-web-technologies,
ILN Media,ilnmedia.com,India,,,,http://www.linkedin.com/company/ilnmedia,
[cafeteria],teamcafeteria.com,India,Bengaluru,,,http://www.linkedin.com/company/team-cafeteria,
PurpleSyntax Digital - A Technology-Driven Digital Marketing Company,purplesyntax.com,India,Ambavaram,,,http://www.linkedin.com/company/purplesyntax,
Brand360,brand360.io,India,,,,http://www.linkedin.com/company/brand360,
Brandwind,brandwind.in,India,Sriniketan,,,http://www.linkedin.com/company/brandwind,
Marze Media,marzemedia.in,India,Kolkata,,,http://www.linkedin.com/company/marzemedia,
One Green Bean,onegreenbean.com,Australia,Sydney,,,http://www.linkedin.com/company/one-green-bean,
Vonnimedia,vonnimedia.com,Australia,Sydney,,,http://www.linkedin.com/company/vonnimedia,
The Live Agency,theliveagency.com.au,Australia,Sydney,,,http://www.linkedin.com/company/the-live-agency,
Social Show PTY LTD,socialshow.com.au,Australia,Adelaide,,,http://www.linkedin.com/company/social-show-pty-ltd,
thinketers,thinketers.com,Spain,Madrid,,,http://www.linkedin.com/company/thinketers,
Agencia trend.,agenciatrend.es,Spain,,,,http://www.linkedin.com/company/agencia-trend,
dezzai,dezzai.com,Spain,Madrid,,,http://www.linkedin.com/company/dezzai,
iVoox podcast & radio,ivoox.com,Spain,Sant Cugat del Valles,,,http://www.linkedin.com/company/ivoox,
Inficon Global,inficonglobal.es,Spain,Sevilla,,,http://www.linkedin.com/company/inficonglobal,
Relevant Group,relevantgroup.media,Spain,Madrid,,,http://www.linkedin.com/company/relevant-traffic,
INDI marketers,indimarketers.com,Spain,Madrid,,,http://www.linkedin.com/company/indi-marketers,
Nordia,nordia.digital,Spain,Barcelona,,,http://www.linkedin.com/company/nordia.digital,
Mazinn,mazinn.es,Spain,Madrid,,,http://www.linkedin.com/company/mazinnspain,
Bufete de Marketing,inteliens.com,Spain,Madrid,,,http://www.linkedin.com/company/bufete-de-marketing,
Markemos,markemos.es,Spain,Cordoba,,,http://www.linkedin.com/company/markemos,
AMC Advertising & Marketing Consultants,amcuae.com,United Arab Emirates,Dubai,,,http://www.linkedin.com/company/amcadvertisinguae,
Radarblock,radarblock.xyz,United Arab Emirates,Dubai,,,http://www.linkedin.com/company/radarblock,
MindField Digital,http://www.mindfield.digital,United Arab Emirates,Dubai,,,http://www.linkedin.com/company/mindfield-digital,
WALEE MENA,walee.ae,United Arab Emirates,Dubai,,,http://www.linkedin.com/company/walee-mena,
Yardstick Marketing Management,yardstick-marketing.com,United Arab Emirates,Dubai,,,http://www.linkedin.com/company/yardstick-marketing-management,
XDBS Worldwide,xdbsworldwide.com,United Arab Emirates,Dubai,,,http://www.linkedin.com/company/xdbs-corporation,
BG Mediaz,bgmediaz.com,United Arab Emirates,Dubai,,,http://www.linkedin.com/company/bg-mediaz,
TAKI GLOBAL MARKETING FZ,takimarketing.com,United Arab Emirates,Dubai,,,http://www.linkedin.com/company/taki-global-marketing,
Social Clinic,socialclinic.sa,Saudi Arabia,Jeddah,,,http://www.linkedin.com/company/social-clinic,
Rayat Marketing,rayatmarketing.com,Saudi Arabia,Riyadh,,,http://www.linkedin.com/company/rayatmarketing,
Ergasti Digital,ergasti.com,Egypt,,,,http://www.linkedin.com/company/ergasti,
4PR Group,4-pr.com,Egypt,,,,http://www.linkedin.com/company/4pr-communications,
Sphere Consulting (SCIS),sphere-consulting.com,Egypt,Cairo,,,http://www.linkedin.com/company/sphere-consulting-scis-,
Senfonico,senfoni.co,Turkey,Istanbul,,,http://www.linkedin.com/company/senfonico,
Walther Kranz,waltherkranz.com,Tuerkiye,,,,http://www.linkedin.com/company/waltherkranz,
BAL,balagency.com,Turkey,,,,http://www.linkedin.com/company/bal-istanbul,
RPMA Comunicação,rpmacomunicacao.com.br,Brazil,Sao Paulo,,,http://www.linkedin.com/company/rpma-comunicacao,
A-LAB Content Lovers,bylab.me,Brazil,Rio de Janeiro,,,http://www.linkedin.com/company/alablovers,
Tech and Soul,techandsoul.com.br,Brazil,Sao Paulo,,,http://www.linkedin.com/company/techandsoul,
twist®,twist.com.br,Brazil,Sao Paulo,,,http://www.linkedin.com/company/agenciatwist,
Néctar Comunicação Corporativa,nectarc.com.br,Brazil,Sao Paulo,,,http://www.linkedin.com/company/nectar-comunicacao-corporativa,
NR-7 Comunicação,nr7.ag,Brazil,Sao Paulo,,,http://www.linkedin.com/company/nr7ag,
Gummy,gummy.digital,Brazil,Florianopolis,,,http://www.linkedin.com/company/gummyconteudo,
Fundamento,fundamento.com.br,Brazil,Sao Paulo,,,http://www.linkedin.com/company/fundamento,
Alexandria Group,alexandriagroup.net,Brazil,Sao Paulo,,,http://www.linkedin.com/company/alexandria_2,
Polis Consulting,polis.consulting,Brazil,Sao Paulo,,,http://www.linkedin.com/company/polis-consulting-br,
Race Comunicação,racecomunicacao.com.br,Brazil,Sao Paulo,,,http://www.linkedin.com/company/racecomunicacao,
Vitrio,vitrio.com.br,Brazil,Sao Paulo,,,http://www.linkedin.com/company/vitrio,
Agência Ecco,agenciaecco.com.br,Brazil,Sao Bernardo do Campo,,,http://www.linkedin.com/company/agenciaecco,
Mirum Agency,mirumindia.com,Brazil,Sao Paulo,,,http://www.linkedin.com/company/mirum-agency,
BKR,somosbkr.com.br,Brazil,Sao Paulo,,,http://www.linkedin.com/company/bkr-agencia,
BlueOcean AI,blueocean.ai,Brazil,Rio de Janeiro,,,http://www.linkedin.com/company/brblueocean,
Orbit,orbitdatascience.com,Brazil,Sao Paulo,,,http://www.linkedin.com/company/orbit-data-science,
Moodify,moodify.social,Brazil,Sao Paulo,,,http://www.linkedin.com/company/moodify-social,
Textual Comunicação,textual.com.br,Brazil,Rio de Janeiro,,,http://www.linkedin.com/company/textual-comunicacao,
Agência Frog,agenciafrog.com.br,Brazil,Rio de Janeiro,,,http://www.linkedin.com/company/agenciafrog,
LVBA Comunicação,lvba.com.br,Brazil,Sao Paulo,,,http://www.linkedin.com/company/lvba-comunicao,
Digimax®,digimaxbrasil.com.br,Brazil,Maringa,,,http://www.linkedin.com/company/digimaxadtech,
Grupo SehLoiro®,sehloiro.com,Brazil,Sao Paulo,,,http://www.linkedin.com/company/sehloiro,
Palver,palver.com.br,Brazil,Sao Paulo,,,http://www.linkedin.com/company/palver,
F,fcom.com.br,Brazil,Sao Paulo,,,http://www.linkedin.com/company/fcomunicacao,
PLAY-OD,playod.com.br,Brazil,Santo Andre,,,http://www.linkedin.com/company/playod,
MO-LO 135,molo135.com.br,Brazil,Belo Horizonte,,,http://www.linkedin.com/company/molo135,
Thinking Insight,thinkinginsight.com.br,Brazil,Sao Paulo,,,http://www.linkedin.com/company/thinking-insight,
Amarelo,aamarelo.com.br,Brazil,Sao Paulo,,,http://www.linkedin.com/company/aamarelo,
DDB Mexico,ddbmexico.com,Mexico,,,,http://www.linkedin.com/company/ddb-mexico,
Olózfera,olozfera.com,Mexico,Mexico City,,,http://www.linkedin.com/company/olozfera,
SpicyMinds - Inspiring Digital Results,spicyminds.com,Mexico,,,,http://www.linkedin.com/company/spicyminds,
cognify-me,cognify.me,Mexico,,,,http://www.linkedin.com/company/cognify-me,
Nativo,nativo.company,Mexico,Mexico City,,,http://www.linkedin.com/company/nativocom,
Agüita de Limón,aguitadelimon.com,Mexico,Mexico City,,,http://www.linkedin.com/company/aguitadelimon,
Industria Social,industriasocial.com.mx,Mexico,Mexico City,,,http://www.linkedin.com/company/industria-social-is,
AXISKG,axiskg.com.mx,Mexico,,,,http://www.linkedin.com/company/klein-und-gross,
Cu4tromarketing,cu4tromarketing.com,Mexico,Mexico City,,,http://www.linkedin.com/company/cu4tromarketing,
LAMARCALAB®,lamarcalab.com,Mexico,Zapopan,,,http://www.linkedin.com/company/lamarcalab,
Neuma Comunicación,neuma.mx,Mexico,Mexico City,,,http://www.linkedin.com/company/neumamx,
Metrics,metricser.com,Mexico,Mexico City,,,http://www.linkedin.com/company/metricsers,
UX Marketing,uxmarketing.com,Mexico,Mexico City,,,http://www.linkedin.com/company/uxmarketing,
Difraxion Group,difraxion.com,Mexico,Leon,,,http://www.linkedin.com/company/difraxion-group,
Kubik Interactive,kubik.mx,Mexico,Guadalajara,,,http://www.linkedin.com/company/kubikdigital,
Solvis Consulting LLC,solvisconsulting.com,Mexico,Mexico City,,,http://www.linkedin.com/company/solvis-consulting--llc,
Agencia Sargento Pimienta,sargentopimienta.com.mx,Mexico,,,,http://www.linkedin.com/company/agencia-sargento-pimienta,
Mercaei. Inteligencia de datos para Gobierno,mercaei.com.mx,Mexico,,,,http://www.linkedin.com/company/mercaei,
Morfina,morfina.mx,Mexico,Mexico City,,,http://www.linkedin.com/company/morfina,
Top Creators,top-creators.com,Mexico,Mexico City,,,http://www.linkedin.com/company/top-creators,
BRM S.A.S,brm.com.co,Colombia,Bogota,,,http://www.linkedin.com/company/brmanaltacompany,
Indexcol,indexcol.com,Colombia,Bogota,,,http://www.linkedin.com/company/indexcol,
Deeploy,deeploy.co,Colombia,Bogota,,,http://www.linkedin.com/company/deeploy,
Punto Cardinal Comunicaciones,puntocardinal.com,Colombia,Medellin,,,http://www.linkedin.com/company/puntocardinalco,
Agencia de Marketing Digital Almas,almasagencia.com,Colombia,Bogota,,,http://www.linkedin.com/company/agencia-marketing-digital-almas,
Nerd Agency,creativenerdagency.com,Colombia,Bogota,,,http://www.linkedin.com/company/creativenerd-agency,
Aleph,aleph.com.co,Colombia,Bogota,,,http://www.linkedin.com/company/ialeph,
Urban Grupo de Comunicación Argentina,urbangrupo.com,Argentina,Buenos Aires,,,http://www.linkedin.com/company/urban-pr,
Nueva Comunicación,nuevacomunicacion.com.ar,Argentina,Buenos Aires,,,http://www.linkedin.com/company/nuevacomunicacion,
TombrasNiña,laninia.com,Argentina,Buenos Aires,,,http://www.linkedin.com/company/ni-a,
pulpo latam 🐙,pulpopr.com,Argentina,Buenos Aires,,,http://www.linkedin.com/company/pulpolatam,
OÍR COMUNICACIÓN,oircomunicacion.com.ar,Argentina,Ituzaingo,,,http://www.linkedin.com/company/agenciaoircomunicacion,
aHGency,ahgency.com.ar,Argentina,Buenos Aires,,,http://www.linkedin.com/company/ahgency,
MUCH,much.global,Argentina,Buenos Aires,,,http://www.linkedin.com/company/muchglobal,
di Paola Latina,dipaolalatina.com,Argentina,Buenos Aires,,,http://www.linkedin.com/company/dipaolalatina,
Mec Consultores,meconsul.com,Argentina,Rosario,,,http://www.linkedin.com/company/mec-consultores-asociados,
Zetenta,zetenta.com,Argentina,Buenos Aires,,,http://www.linkedin.com/company/zetenta,
Solu,wearesolu.com,Argentina,Buenos Aires,,,http://www.linkedin.com/company/wearesolu,
Mega Research,megaresearch.net,Argentina,Buenos Aires,,,http://www.linkedin.com/company/mega-research,
ORISHINAL,orishinal.com,Argentina,,,,http://www.linkedin.com/company/orishinal,
ESCENARIOS,escenariosconsultora.com,Argentina,Buenos Aires,,,http://www.linkedin.com/company/escenarios,
Corsearch,corsearch.com,United Kingdom,London,,,http://www.linkedin.com/company/corsearchinc,
Safenames,safenames.net,United Kingdom,Milton Keynes,,,http://www.linkedin.com/company/safenames,
Stobbs,iamstobbs.com,United Kingdom,Cambridge,,,http://www.linkedin.com/company/stobbs,
RankBee.ai,rankbee.ai,United Kingdom,London,,,http://www.linkedin.com/company/rankbee,
dda,dda.uk.com,United Kingdom,London,,,http://www.linkedin.com/company/dda_426953,
Obviously,obviously.digital,United Kingdom,London,,,http://www.linkedin.com/company/itsobviously,
Admirise Digital Performance Agency,admirise.com,Germany,Frankfurt,,,http://www.linkedin.com/company/admirise-gmbh,
Partoo,partoo.co,France,Paris,,,http://www.linkedin.com/company/partoo,
TKM International Consulting,tkm-ic.com,France,Paris,,,http://www.linkedin.com/company/tkm-ic,
Digitalize The Globe (DTG),digitalizetheglobe.com,India,Pune,,,http://www.linkedin.com/company/digitalize-the-globe,
TIKAJ Security,tikaj.com,India,Lucknow,,,http://www.linkedin.com/company/tikaj,
Lead Mines Media,leadminesmedia.com,India,Mumbai,,,http://www.linkedin.com/company/lead-mines-media,
Aishan Technologies India Pvt Ltd,aishan.in,India,Bengaluru,,,http://www.linkedin.com/company/aishantechnologies,
Gfactors,gfactors.co.in,India,Bengaluru,,,http://www.linkedin.com/company/gfactors,
Blindwink Private Limited,blindwink.in,India,Bengaluru,,,http://www.linkedin.com/company/blindwinkindia,
ATON Network Pvt Ltd,atonnetwork.com,India,Bengaluru,,,http://www.linkedin.com/company/aton-network-pvt-ltd,
Bet247,bet247.com.au,Australia,Melbourne,,,http://www.linkedin.com/company/bet247,
Brain Hardware S.L.,brainhardware.es,Spain,Fuenlabrada,,,http://www.linkedin.com/company/brain-hardware-s.l.,
Adv.Cake,advcake.com,United Arab Emirates,Dubai,,,http://www.linkedin.com/company/advcake,
Advanced Business Solutions MENA FZCO - ABS,abs-mena.com,United Arab Emirates,Dubai,,,http://www.linkedin.com/company/advanced-business-solutions-mena-fzco,
eTree,etree.com.sa,Saudi Arabia,Riyadh,,,http://www.linkedin.com/company/etree,
BRANDEFENSE,brandefense.io,Tuerkiye,Ankara,,,http://www.linkedin.com/company/brandefense,
Counterfake,counterfake.ai,Turkey,Istanbul,,,http://www.linkedin.com/company/counterfake-ai,
ClearSale,clear.sale,Brazil,Barueri,,,http://www.linkedin.com/company/clearsale,
Mission Brasil,missionbrasil.com.br,Brazil,Sao Paulo,,,http://www.linkedin.com/company/mission-brasil,
iDIGO,idigo.com.br,Brazil,Rio de Janeiro,,,http://www.linkedin.com/company/idigo-comunicacao-corporativa-integrada,
Narro Group,narrogroup.mx,Mexico,Tlalnepantla de Baz,,,http://www.linkedin.com/company/narrogroup,
Jomoteam,jomoteam.com,United Kingdom,Birmingham,,,http://www.linkedin.com/company/jomoteam,
Atta,atta-agence.com,France,Paris,,,http://www.linkedin.com/company/atta-agence,
Flutch,flutch.in,India,Bengaluru,,,http://www.linkedin.com/company/flutch,
Candour Communications,candour.co.in,India,Gurugram,,,http://www.linkedin.com/company/candour-communications,
Getsetfly Media,getsetflymedia.in,India,,,,http://www.linkedin.com/company/getsetfly-media,
Ylytic,ylytic.com,India,,,,http://www.linkedin.com/company/ylytic,
Ventes Avenues,ventesavenues.in,India,Mumbai,,,http://www.linkedin.com/company/ventes-avenues,
Socio Impulse,socioimpulse.com,India,Gurugram,,,http://www.linkedin.com/company/socio-impulse,
Sponsogram,sponsogram.in,India,New Delhi,,,http://www.linkedin.com/company/sponsogramofficial,
LSD Productions Private Limited,lsd.productions,India,Kochi,,,http://www.linkedin.com/company/lsd-productions,
DreamBridge Media,dreambridgemedia.in,India,,,,http://www.linkedin.com/company/dreambridgemediaofficial,
Rasooc,rasooc.com,United Arab Emirates,Dubai,,,http://www.linkedin.com/company/rasooc,
Spike Media,spikeemedia.com,Saudi Arabia,Yanbu,,,http://www.linkedin.com/company/spikeemedia,
Mimoni,mimoni.com,Mexico,San Miguel,,,http://www.linkedin.com/company/www-mimoni-com,
Rival,rival.tech,United Kingdom,London,,,http://www.linkedin.com/company/sotatechnology,
SportsVerse,lounges.tv,United Kingdom,London,,,http://www.linkedin.com/company/lounges-tv,
Pixelverse,pixelverse.xyz,United Kingdom,London,,,http://www.linkedin.com/company/pixelversexyz,
eyeora,eyeora.com,United Kingdom,London,,,http://www.linkedin.com/company/eyeora,
Fayre Labs,fayre.com,United Kingdom,London,,,http://www.linkedin.com/company/fayre,
KLEF,klef.app,United Kingdom,London,,,http://www.linkedin.com/company/klef-app,
GOAT Platform,goat-platform.com,United Kingdom,Manchester,,,http://www.linkedin.com/company/goatplatform,
Tryb,tryb.cc,United Kingdom,London,,,http://www.linkedin.com/company/trybcc,
Dload,dload.com,United Kingdom,London,,,http://www.linkedin.com/company/dload-store,
ReRight,rerightmusic.com,United Kingdom,London,,,http://www.linkedin.com/company/rerightmusic,
Discussion Box,discussionbox.tv,United Kingdom,Bristol,,,http://www.linkedin.com/company/discussion-box,
Vertriebsoffensive2022 - Elitemarketing,kontaktmaschine.info,Germany,Bad Lauterberg,,,http://www.linkedin.com/company/978640,
GAMEARLY,gamearly.com,France,,,,http://www.linkedin.com/company/gamearly,
Mondomix,mondomix.com,France,Paris,,,http://www.linkedin.com/company/mondomix,
dubpro.ai,dubpro.ai,India,Noida,,,http://www.linkedin.com/company/dubpro,
KultureHire,kulturehire.com,India,Puducherry,,,http://www.linkedin.com/company/kulturehire,
Eloelo,eloelo.in,India,Bengaluru,,,http://www.linkedin.com/company/eloeloapp,
PowerDrift,powerdrift.com,India,Pune,,,http://www.linkedin.com/company/powerdrift-studios-private-limited,
Sochcast,sochcast.com,India,Bengaluru,,,http://www.linkedin.com/company/sochcast,
HumaraMovie,humaramovie.com,India,Mumbai,,,http://www.linkedin.com/company/humara-medialabs-private-ltd,
Simply Cue,simplycue.com,India,Lucknow,,,http://www.linkedin.com/company/simplycue,
ArToys,artoys.app,United Arab Emirates,Dubai,,,http://www.linkedin.com/company/artoys,
MUAB,muab.info,United Arab Emirates,Dubai,,,http://www.linkedin.com/company/muabnetwork,
SHOFAR,shofar.fr,Israel,Jerusalem,,,http://www.linkedin.com/company/shofar-officiel,
Delineate,http://www.delineate.ai,United Kingdom,Llandysul,,,http://www.linkedin.com/company/delineateai,
Precise TV,precise.tv,United Kingdom,London,,,http://www.linkedin.com/company/precisify,
PR Newswire Europe Ltd.,prnewswire.co.uk,United Kingdom,London,,,http://www.linkedin.com/company/pr-newswire-emea-and-india,
True,trueagency.com,United Kingdom,London,,,http://www.linkedin.com/company/true-agency,
PulsePlay Digital,pulseplaydigital.com,India,Dharamshala,,,http://www.linkedin.com/company/pulseplaydigital,
Catalysts,catalysts.team,India,Bengaluru,,,http://www.linkedin.com/company/catalysts-team,
Pureprofile,pureprofile.com,Australia,Sydney,,,http://www.linkedin.com/company/pureprofile,
Think Thanks,think-thanks.com,Argentina,Buenos Aires,,,http://www.linkedin.com/company/think-thanks,
IDHL,idhlagency.com,United Kingdom,Morley,,,http://www.linkedin.com/company/weareidhl,
Convertr,convertr.io,United Kingdom,London,,,http://www.linkedin.com/company/2885581,
Omanos Analytics,omanosanalytics.org,United Kingdom,Glasgow,,,http://www.linkedin.com/company/omanos-analytics,
ENSAE Paris,ensae.fr,France,Palaiseau,,,http://www.linkedin.com/school/ensae-paris,
Solinum,solinum.org,France,Paris,,,http://www.linkedin.com/company/assosolinum,
Spallian,spallian.com,France,,,,http://www.linkedin.com/company/spallian,
Yappy Group,yappygroup.com,Australia,Perth,,,http://www.linkedin.com/company/yappygroup,
OneTandem,onetandem.com,Spain,,,,http://www.linkedin.com/company/onetandem,
Geometa,geometa.ae,United Arab Emirates,Dubai,,,http://www.linkedin.com/company/geometa-online,
IST Networks,istnetworks.com,Egypt,Cairo,,,http://www.linkedin.com/company/ist-networks,
P individual,herdagdelen.com,Turkey,Izmir,,,http://www.linkedin.com/company/petkim-petrochemical-complex,
2U1K Engineering and Consultancy Inc.,2u1k.com.tr,Tuerkiye,,,,http://www.linkedin.com/company/2u1k,
DATAPREV,dataprev.gov.br,Brazil,,,,http://www.linkedin.com/company/dataprev-tecnologia,
OpusMúltipla,opusmultipla.com.br,Brazil,Pinhais,,,http://www.linkedin.com/company/opus-multipla,
Base 10,base10.mx,Mexico,,,,http://www.linkedin.com/company/base10mkt,
SINNETIC,sinnetic.com,Colombia,Bogota,,,http://www.linkedin.com/company/sinnetic,
diginea GmbH,diginea.de,Germany,Bielefeld,,,http://www.linkedin.com/company/diginea,
MWG /,mindworksglobal.com,India,New Delhi,,,http://www.linkedin.com/company/mindworks-global-media-services,
Ninestars Information Technologies Pvt. Ltd.,ninestarsglobal.com,India,Bengaluru,,,http://www.linkedin.com/company/ninestars-information-technologies,
Freelance Writer,anunciato.com,Brazil,Sao Paulo,,,http://www.linkedin.com/company/freelancewriter,
AZURE MEDIA GROUP,azu.ae,United Arab Emirates,Abu Dhabi,,,http://www.linkedin.com/company/azure-uae,
MediaCorp,mediacorpgroup.net,Mexico,Tijuana,,,http://www.linkedin.com/company/mediacorp,
Visionary Services,visionarybizz.com,India,Pune,,,http://www.linkedin.com/company/visionary-services-pune,
FirstBit Digital Technologies,firstbittech.com,India,Patna,,,http://www.linkedin.com/company/firstbit-digital-technologies,
mTraction Enterprise,mtractionenterprise.com,India,Gurugram,,,http://www.linkedin.com/company/affle-mtraction-enterprise,
Protection Group International,pgitl.com,United Kingdom,London,,,http://www.linkedin.com/company/protection-group-international,
Valinor Intelligence,valinorintelligence.com,United Kingdom,London,,,http://www.linkedin.com/company/valinor-intelligence,
APLUSA,aplusaresearch.com,France,Lyon,,,http://www.linkedin.com/company/aplusa-research,
vierdimensional //Brand Intelligence Group,vierdimensional.com,Germany,Aulendorf,,,http://www.linkedin.com/company/werbeagentur-vierdimensional,
Arkeero,arkeero.com,Spain,Madrid,,,http://www.linkedin.com/company/arkeero,
LeadWalnut,leadwalnut.com,India,Bengaluru,,,http://www.linkedin.com/company/leadwalnut,
TechSors,techsors.com,Israel,Binyamina-Giv'at Ada,,,http://www.linkedin.com/company/techsors,
Noon-The Social Learning Platform,learnatnoon.com,United Kingdom,London,,,http://www.linkedin.com/company/learnatnoon,
Ingenuity Gaming,ingenuitygaming.com,United Kingdom,London,,,http://www.linkedin.com/company/ingenuity-gaming,
Aston Villa Football Club,avfc.co.uk,United Kingdom,Birmingham,,,http://www.linkedin.com/company/aston-villa-football-club,
Dengage,dengage.com,United Kingdom,London,,,http://www.linkedin.com/company/dengage,
Proxymity,proxymity.io,United Kingdom,London,,,http://www.linkedin.com/company/proxymityic,
oddschecker Global Media,oddscheckerglobalmedia.com,United Kingdom,London,,,http://www.linkedin.com/company/fairplaysportsmedia,
Target Group,targetgroup.com,United Kingdom,Duffryn,,,http://www.linkedin.com/company/target-group,
ExpoPlatform,expoplatform.com,United Kingdom,Cambridge,,,http://www.linkedin.com/company/expoplatform,
MAXIS Global Benefits Network,maxis-gbn.com,United Kingdom,London,,,http://www.linkedin.com/company/maxis-global-benefits-network,
Learnerbly,learnerbly.com,United Kingdom,London,,,http://www.linkedin.com/company/learnerbly,
Hook,hook.co,United Kingdom,London,,,http://www.linkedin.com/company/hook-technology,
trumpet 🎺,sendtrumpet.com,United Kingdom,London,,,http://www.linkedin.com/company/sendtrumpet,
Commotion,gocommotion.com,United Kingdom,,,,http://www.linkedin.com/company/gocommotion,
Illingworth Research Group (a Syneos Health Company),illingworthresearch.com,United Kingdom,Macclesfield,,,http://www.linkedin.com/company/illingworth-research,
ARuVR®,aruvr.com,United Kingdom,London,,,http://www.linkedin.com/company/aruvr,
DEV,dev.to,United Kingdom,London,,,http://www.linkedin.com/company/dev-d,
moneyinfo,moneyinfo.com,United Kingdom,Solihull,,,http://www.linkedin.com/company/moneyinfotech,
Global Fan Network (GFN),globalfan.tv,United Kingdom,London,,,http://www.linkedin.com/company/globalfannetwork,
Launched,launchedtech.io,United Kingdom,London,,,http://www.linkedin.com/company/launchedtech,
StaffCircle,staffcircle.com,United Kingdom,Leicester,,,http://www.linkedin.com/company/staffcircle,
Atominvest,atominvest.co,United Kingdom,London,,,http://www.linkedin.com/company/atominvest,
Addin365,addin365.com,United Kingdom,London,,,http://www.linkedin.com/company/addin365,
Aviva Broker UK,avivab2b.co.uk,United Kingdom,London,,,http://www.linkedin.com/company/aviva-broker-uk,
Dream Lab Studio,dreamlabstudio.co.uk,United Kingdom,London,,,http://www.linkedin.com/company/dreamlabstudio,
FastDox,fastdox.co.uk,United Kingdom,Manchester,,,http://www.linkedin.com/company/fastdox,
logicdialog,logicdialog.ai,United Kingdom,London,,,http://www.linkedin.com/company/logicdialog,
Original,getoriginal.com,United Kingdom,London,,,http://www.linkedin.com/company/original-digital-collectibles,
AimHi Earth,aimhi.earth,United Kingdom,London,,,http://www.linkedin.com/company/aimhilive,
Laminar Global,lamin.ar,United Kingdom,London,,,http://www.linkedin.com/company/laminarglobal,
Looop,looop.co,United Kingdom,London,,,http://www.linkedin.com/company/looop-co,
Football Media,footballmedia.co,United Kingdom,Hampton,,,http://www.linkedin.com/company/footballmedia,
7th Wave,7thwave.io,United Kingdom,Sheffield,,,http://www.linkedin.com/company/xoolon,
Ag3ncy,ag3ncy.studio,United Kingdom,Manchester,,,http://www.linkedin.com/company/ag3ncyweb3,
Synapse - The Stories Marketplace,synapse.media,United Kingdom,London,,,http://www.linkedin.com/company/synapsemarketplace,
Angels Partners,angelspartners.com,United Kingdom,London,,,http://www.linkedin.com/company/angelspartners,
Cybernetyx,cybernetyx.com,Germany,Hanover,,,http://www.linkedin.com/company/cybernetyx,
Innoloft,innoloft.com,Germany,Aachen,,,http://www.linkedin.com/company/innoloft,
MONKEYWAY,monkeyway.com,Germany,Munich,,,http://www.linkedin.com/company/monkeyway,
INNOIT Werbeagentur,weareinnoit.com,Germany,Augsburg,,,http://www.linkedin.com/company/innoit-germany,
Benz + Walter GmbH,benz-walter.de,Germany,,,,http://www.linkedin.com/company/benz-walter-gmbh,
Batch,batch.com,France,Paris,,,http://www.linkedin.com/company/batch-com,
Ad4Screen,ad4screen.com,France,Paris,,,http://www.linkedin.com/company/ad4screen,
Uptale - XR Spatial Learning,uptale.io,France,Paris,,,http://www.linkedin.com/company/uptale,
HireSweet,hiresweet.com,France,Paris,,,http://www.linkedin.com/company/hiresweet,
Signitic by Positive,signitic.com,France,Lyon,,,http://www.linkedin.com/company/signitic,
BCdiploma,bcdiploma.com,France,Paris,,,http://www.linkedin.com/company/bcdiplomacredentials,
Fanprime,fanprime.io,France,Paris,,,http://www.linkedin.com/company/fanprime,
Business Lab,businesslab.com,France,Boulogne-Billancourt,,,http://www.linkedin.com/company/business-lab,
C'Chartres Métropole Handball - C’CMHB,fanzone.me,France,Chartres,,,http://www.linkedin.com/company/c-chartres-m%c3%a9tropole-handball,
Karix,karix.com,India,Mumbai,,,http://www.linkedin.com/company/karix,
Multiplier AI,multiplierai.co,India,Hyderabad,,,http://www.linkedin.com/company/multiplierai,
Uolo.com,uolo.com,India,Gurgaon,,,http://www.linkedin.com/company/uolo,
BigCash,bigcash.live,India,Gurugram,,,http://www.linkedin.com/company/bigcash,
HBR,humanbeforeresource.com,India,Noida,,,http://www.linkedin.com/company/hbrjobs,
Dimerse India,dimerse.com,India,Mumbai,,,http://www.linkedin.com/company/dimerse-integrated-brand-experience-agency,
Websterz Technologies,websterztech.com,India,Sahibzada Ajit Singh Nagar,,,http://www.linkedin.com/company/websterz-technologies,
OneXtel,onextel.com,India,Noida,,,http://www.linkedin.com/company/onextelmedia,
Merkle Sokrati,sokrati.com,India,Pune,,,http://www.linkedin.com/company/merkle-sokrati,
BrandcomPR,brandcompr.com,India,Bengaluru,,,http://www.linkedin.com/company/brand-comm,
Resilience Esports,resilienceesports.com,India,Gurugram,,,http://www.linkedin.com/company/resilience-esports-india,
EmployWise,employwise.com,India,Gurugram,,,http://www.linkedin.com/company/employwise,
Mcarbon,mcarbon.com,India,Noida,,,http://www.linkedin.com/company/mcarbon,
Hashtag Inc.,hashtaginc.co.in,India,Chennai,,,http://www.linkedin.com/company/hashtaginc,
PaperCraft EMG,papercraftemg.com,India,Mumbai,,,http://www.linkedin.com/company/papercraftemgdigital,
thelightbulb.ai,thelightbulb.ai,India,Mumbai,,,http://www.linkedin.com/company/getthelightbulb,
Amara.ai,amara.ai,India,Gurugram,,,http://www.linkedin.com/company/amara-ai-worldwide,
Virtual Employee Pvt. Ltd.,virtualemployee.com,India,Noida,,,http://www.linkedin.com/company/365167,
CNV Labs India Pvt. Ltd (iCloudEMS),icloudems.com,India,Pune,,,http://www.linkedin.com/company/icloudems,
Brio Interactive Technologies Limited,briotouch.com,India,New Delhi,,,http://www.linkedin.com/company/briotouch,
Pasay Invento,pasayinvento.com,India,Pune,,,http://www.linkedin.com/company/pasay-invento,
IBD - Integrated Brand Development,ibdbrands.com,India,Mumbai,,,http://www.linkedin.com/company/ibdbrands-creativesolutions,
Social Neeti,socialneeti.com,India,Kolkata,,,http://www.linkedin.com/company/socialneeti,
LetsVeriFy,letsverify.tech,India,New Delhi,,,http://www.linkedin.com/company/letsverify-thinkcurve,
Design Drama,designdrama.co,India,Indore,,,http://www.linkedin.com/company/designdramaco,
Valuenode,valuenode.com,India,Hyderabad,,,http://www.linkedin.com/company/valuenode,
Cadmus,cadmus.io,Australia,Melbourne,,,http://www.linkedin.com/company/cadmus-io,
DigitalRecruiter™  APP,digitalrecruiter.com,Australia,North Sydney,,,http://www.linkedin.com/company/digitalrecruiter,
Lightning Box,lightningboxgames.com,Australia,Sydney,,,http://www.linkedin.com/company/lightning-box-games,
LINC Education,linceducation.com,Australia,Melbourne,,,http://www.linkedin.com/company/linc-education-services,
Elliephant,elliephant.com,Australia,Melbourne,,,http://www.linkedin.com/company/trove-gifts,
InvestorHub,investorhub.com,Australia,Melbourne,,,http://www.linkedin.com/company/invhub,
Hapana,hapana.com,Australia,Rosebery,,,http://www.linkedin.com/company/hapana-co,
Genially,genially.com,Spain,Cordoba,,,http://www.linkedin.com/company/geniallyofficial,
Ideawise Group,ideawisegroup.com,Spain,Barcelona,,,http://www.linkedin.com/company/ideawise-group,
QforMedia,qformedia.com,Spain,Barcelona,,,http://www.linkedin.com/company/qformedia,
Starshot Software,starshotsoftware.com,Spain,Lleida,,,http://www.linkedin.com/company/starshot-software,
Hanzo,hanzo.es,Spain,Madrid,,,http://www.linkedin.com/company/hanzo-studio,
MailComms Group,mailcommsgroup.com,Spain,Leganes,,,http://www.linkedin.com/company/mailcommsgroup,
Motti,motti.com,Spain,Madrid,,,http://www.linkedin.com/company/motti,
Gud Social,gud.social,Spain,,,,http://www.linkedin.com/company/gud-thehumannet,
Apliman,apliman.com,United Arab Emirates,Dubai,,,http://www.linkedin.com/company/apliman,
Decibel HRMS,decibel360cloud.com,United Arab Emirates,Dubai,,,http://www.linkedin.com/company/decibelhrms,
CPI Media Group,cpimediagroup.com,United Arab Emirates,Dubai,,,http://www.linkedin.com/company/corporate-publishing-international,
Innovito | إنوفيتو,innovito.com,United Arab Emirates,Al Batayih,,,http://www.linkedin.com/company/innovito,
RITORICA,ritorica.eu,United Arab Emirates,Dubai,,,http://www.linkedin.com/company/ritorica,
Ritorica,ritorica.com,United Arab Emirates,Dubai,,,http://www.linkedin.com/company/ritorica,
AppExcel Media,appexcelmedia.com,United Arab Emirates,Dubai,,,http://www.linkedin.com/company/appexcelmedia,
FINTX,fintx.ae,United Arab Emirates,Dubai,,,http://www.linkedin.com/company/fintx,
Fanera,fanera.co,United Arab Emirates,Abu Dhabi,,,http://www.linkedin.com/company/fanera,
WIZE POWER MOTORCYCLE RENTAL L.L.C,wize-ev.com,United Arab Emirates,Dubai,,,http://www.linkedin.com/company/wize-digital,
Ventures Studio ReWolt,rewolt.pro,United Arab Emirates,Dubai,,,http://www.linkedin.com/company/ventures-studio-rewolt,
smartic سمارتك,smartic.co,Saudi Arabia,Al-Kharj,,,http://www.linkedin.com/company/smartic-co,
Feather Marketing Solutions | شركة فيذر للتسويق,feathersa.com,Saudi Arabia,Riyadh,,,http://www.linkedin.com/company/feathersaudi,
EVAM,evam.com,Turkey,Atasehir,,,http://www.linkedin.com/company/evamtech,
Kunduz,kunduz.com,Turkey,Istanbul,,,http://www.linkedin.com/company/kunduz,
Workshopers,workshopers.com,Turkey,Istanbul,,,http://www.linkedin.com/company/workshopers,
TNT Multimedia,tntmultimedia.com,Turkey,,,,http://www.linkedin.com/company/tnt-multimedia,
Worksy,worksy.co,Turkey,Istanbul,,,http://www.linkedin.com/company/worksy-employee-platform,
Virtual Projects,virtualprojects.co,Turkey,Istanbul,,,http://www.linkedin.com/company/virtual-projects-studios,
daily.dev,daily.dev,Israel,Tel Aviv-Yafo,,,http://www.linkedin.com/company/dailydotdev,
Guardicore,guardicore.com,Israel,Tel Aviv-Yafo,,,http://www.linkedin.com/company/guardicore,
Wave Adv,wave-adv.co.il,Israel,Omer,,,http://www.linkedin.com/company/waveadv,
Blip,blip.ai,Brazil,Belo Horizonte,,,http://www.linkedin.com/company/blipbr,
Ambev Tech,ambevtech.com.br,Brazil,Blumenau,,,http://www.linkedin.com/company/ambevtech,
Grupo PRIMO,grupo-primo.com,Brazil,Barueri,,,http://www.linkedin.com/company/grupo-primo,
Agenda Edu,agendaedu.com,Brazil,Fortaleza,,,http://www.linkedin.com/company/agendaedu,
aunica Interactive Marketing,aunica.com,Brazil,Sao Paulo,,,http://www.linkedin.com/company/aunicainteractive,
Camino Education,cloeedu.com.br,Brazil,Sao Paulo,,,http://www.linkedin.com/company/cloeplatform,
Adobe Assessoria de Serviços Cadastrais,adobenet.com.br,Brazil,Sao Paulo,,,http://www.linkedin.com/company/adobe-assessoria,
Concilig,concilig.com.br,Brazil,Bauru,,,http://www.linkedin.com/company/concilig,
WeClever,weclever.ai,Brazil,Pocos de Caldas,,,http://www.linkedin.com/company/wecleverai,
EISA,eisatecnologia.com.br,Brazil,Sao Paulo,,,http://www.linkedin.com/company/eisa-tecnologia,
Conquista Solução Educacional,educacaoconquista.com.br,Brazil,Curitiba,,,http://www.linkedin.com/company/conquistasolucaoeducacional,
N7,numerosete.com.br,Brazil,Rio de Janeiro,,,http://www.linkedin.com/company/n%c3%bamero7,
Hubox,hubox.online,Brazil,Curitiba,,,http://www.linkedin.com/company/hub-intelig%c3%aancia-e-marketing-digital,
Havas Media México,havasmedia.com.mx,Mexico,,,,http://www.linkedin.com/company/havas-media-mexico,
Leadgenios,leadgenios.com,Mexico,Mexico City,,,http://www.linkedin.com/company/leadgeniosmx,
ATENTO México,platformsuisse.net,Mexico,Mexico City,,,http://www.linkedin.com/company/atento-mexico,
Paprika,paprika.mx,Mexico,Monterrey,,,http://www.linkedin.com/company/paprikamx,
BLUERABBIT,bluerabbit.io,Mexico,Mexico City,,,http://www.linkedin.com/company/bluerabbitclass,
Guerrero,guerrero.digital,Mexico,Monterrey,,,http://www.linkedin.com/company/guerrero-publicidad,
COMFAMA,comfama.com,Colombia,Medellin,,,http://www.linkedin.com/company/comfama,
imageiD - Agencia Creativa,imageid.com.co,Colombia,Bogota,,,http://www.linkedin.com/company/imageid---soluciones-de-dise-o,
Hangi,hangi.co,Colombia,Bogota,,,http://www.linkedin.com/company/hangi,
GOintegro,gointegro.com,Argentina,Buenos Aires,,,http://www.linkedin.com/company/gointegro,
Satoshi Tango,satgo.co,Argentina,Buenos Aires,,,http://www.linkedin.com/company/satoshitango,
Aliancers,aliancers.com,Argentina,Buenos Aires,,,http://www.linkedin.com/company/aliancerslatam,
Mundos E,mundose.com,Argentina,GCA,,,http://www.linkedin.com/school/mundos-e,
Grupo NODS,gruponods.com,Argentina,Balnearia,,,http://www.linkedin.com/company/gruponods,
Socialhuge,socialhuge.io,France,Paris,,,http://www.linkedin.com/company/socialhuge,
