domain,company_name,segment,confidence,reasoning
growi.io,growi,INFLUENCER_PLATFORMS,1,Has product/platform for influencer marketing
insightiq.ai,InsightIQ,INFLUENCER_PLATFORMS,1,Has product/platform for influencer marketing
allymatic.com,allymatic,INFLUENCER_PLATFORMS,0.95,"Allymatic is explicitly described as a 'TikTok Creator Marketing Operations Platform' that helps brands discover, manage outreach, samples, content, and sales attribution for creators, directly matching the definition of a platform for influencer marketing."
kitbees.com,,INFLUENCER_PLATFORMS,0.95,"Kitbees is an AI-powered platform providing tools for influencer marketing, including creator discovery, campaign management, analytics, CRM, and affiliate tracking for brands and agencies."
hypefy.ai,Hypefy,INFLUENCER_PLATFORMS,0.95,"Hypefy explicitly states it is an 'Influencer Marketing Platform Powered By AI' and describes features like automated influencer selection, campaign setup, performance tracking, and a dashboard, clearly indicating it is a SaaS for influencer marketing."
getroeme.com,Roeme,INFLUENCER_PLATFORMS,0.95,"Roeme is a platform/app that connects wellness creators with brands for collaborations, explicitly mentioning a 'creator network' and 'community-driven app' for brands."
vhub.ai,vHub.ai,INFLUENCER_PLATFORMS,0.95,"vHub.ai explicitly states it is an 'Influencer Marketing Platform' offering an AI-powered suite of tools for creator discovery, campaign management, and analytics to brands and agencies. This directly aligns with the definition of SaaS/software for influencer marketing."
usetrendly.app,,INFLUENCER_PLATFORMS,0.95,"The company explicitly states it is an 'Influencer Marketing Platform', which directly aligns with the definition of a SaaS/software tool for influencer marketing."
kringp.com,,INFLUENCER_PLATFORMS,0.95,"KringP is explicitly described as an 'Influencer Marketing Platform' and 'global influencer marketplace' that provides tools for businesses to discover, connect with, analyze, and manage campaigns with creators, including analytics, filtering, and secure payments."
influencify.io,Influencify,INFLUENCER_PLATFORMS,0.95,"The company explicitly describes itself as an 'AI-powered Influencer Marketing Platform,' which directly aligns with the definition of a software product for influencer marketing."
sociocreator.com,SocioCreator,INFLUENCER_PLATFORMS,0.95,"The website explicitly states it is an 'Influencer Marketing Platform,' directly matching the target description of a SaaS tool for influencer marketing that helps brands with creators."
icollabs.com,icollabsindia,INFLUENCER_PLATFORMS,0.95,"The company explicitly states it is an 'influencer marketplace' and 'platform' designed to connect brands with creators. It offers tools for influencer discovery, campaign management, communication, payment processing, and performance tracking, fitting the definition of a SaaS tool for influencer marketing."
2ta.io,2TA.IO,INFLUENCER_PLATFORMS,0.95,"The company explicitly states it is an 'Influencer marketing platform' and offers tools for brands to find, analyze, contact, and manage campaigns with influencers, including a database of profiles, analytics, and a built-in chat. While it offers managed services, its core offering is a SaaS platform for influencer marketing."
whalargroup.com,Whalar Group,INFLUENCER_PLATFORMS,0.95,"Whalar Group is a 'Creator ecosystem' that includes 'Foam', a digital creator operating system for creators, managers, and brands, alongside creator agencies. The presence of a SaaS product (Foam) makes it an INFLUENCER_PLATFORMS target."
yadainfluencer.com,Yada Influencer,INFLUENCER_PLATFORMS,0.95,"Yada explicitly identifies itself as an 'Influencer Platform' and 'influencer marketing intelligence platform' offering tools for creator discovery, audience analytics, campaign management, and performance tracking, which directly matches the INFLUENCER_PLATFORMS segment."
starbuzz.ai,Starbuzz.ai,INFLUENCER_PLATFORMS,0.95,"Starbuzz.ai is an AI-powered influencer marketing platform offering a complete ecosystem for influencer discovery, campaign management, and analytics for brands and agencies. They would benefit from OnSocial's creator/influencer data to power their platform."
starnet.ai,,INFLUENCER_PLATFORMS,0.9,"The company's tagline 'Discover Right Influencers to make your Business Glow' clearly indicates a focus on influencer discovery, which is a core function of an influencer marketing platform. The '.ai' domain further suggests a technology-driven solution."
creloai.com,,INFLUENCER_PLATFORMS,0.9,"The company explicitly states it is an 'AI-Powered Influencer Marketing Platform' providing a dashboard for creator discovery, campaign management, ROI tracking, and automated payouts for brands."
oversubscribe.co,,INFLUENCER_PLATFORMS,0.9,"The company offers a platform for creators to receive funding from their fans and share in their financial success, directly aligning with 'creator monetization tools' under the INFLUENCER_PLATFORMS segment."
nowfluence.co,,INFLUENCER_PLATFORMS,0.9,"The company provides an 'AI-Powered Influencer Management Platform' for brands and creators, offering tools for campaign automation, real-time tracking, and secure payments, which is a clear fit for an influencer marketing SaaS platform."
eluvi.app,,INFLUENCER_PLATFORMS,0.9,"Eluvi offers a SaaS platform for brands to manage creator partnerships, providing tools for creator discovery, profile evaluation, campaign management, and performance analytics including sales monitoring. This aligns perfectly with the definition of an Influencer Platform."
famous.club,One Impression,INFLUENCER_PLATFORMS,0.9,"The website text indicates a platform with 100K+ content creators for starting influencer marketing and UGC campaigns, which directly aligns with the definition of an Influencer Platform."
fanbitz.com,,INFLUENCER_PLATFORMS,0.9,"FanBitz is a platform that connects creators with 'Brand Partners' through viral challenges, enabling creators to create content and win rewards. This aligns with a UGC content platform and creator monetization tool, which are key aspects of INFLUENCER_PLATFORMS."
influencermillennium.com,,INFLUENCER_PLATFORMS,0.9,"The company explicitly states it is a 'full-service influencer marketing platform' built to help brands connect with creators, offering features like campaign planning, creator matchmaking, and performance tracking."
momentro.com,,INFLUENCER_PLATFORMS,0.9,"Momentro provides an AI-powered marketing insights platform with a dedicated 'influence module' to help marketers identify and leverage creators, offering analytics and tools for brands, agencies, and creators themselves."
binc.co.in,,INFLUENCER_PLATFORMS,0.9,"BINC offers a SaaS platform for creators to manage analytics, pricing, content scheduling, and collaborations, and is building a direct brand-creator discovery and collaboration marketplace, fitting the definition of an influencer platform."
superwider.com,,INFLUENCER_PLATFORMS,0.9,"The company explicitly states it is a 'Performance-Based Influencer Marketing Platform' that connects brands with creators, offering influencer search, campaign management, and audience insights, which perfectly matches the INFLUENCER_PLATFORMS segment."
creator.co,IOVIA (Acquired by Creator.co),INFLUENCER_PLATFORMS,0.9,"Creator.co is an influencer marketing platform that provides a dashboard and AI tools for creator discovery, outreach, campaign management, content approvals, and analytics for brand-influencer partnerships. It explicitly refers to itself as an 'influencer marketing platform'."
onlure.ca,,INFLUENCER_PLATFORMS,0.9,"Onlure is described as a 'Commission-Free Creator Matchmaking Platform' and 'CANADA'S CREATOR MARKETPLACE' where users can find and hire creators directly, fitting the definition of a creator discovery and marketplace tool."
viralign.io,,INFLUENCER_PLATFORMS,0.9,"Viralign is a 'YouTube Creator Marketing Platform' that uses AI to help brands discover, analyze, and manage campaigns with YouTube creators, providing data-driven insights and ROI projections. This directly matches the definition of an INFLUENCER_PLATFORMS."
burning.meme,,INFLUENCER_PLATFORMS,0.9,"The company offers an 'INFLUENCER STUDIO' app to generate and tokenize AI influencers and create social media content, which is a software tool for the creator economy."
cirql.in,,INFLUENCER_PLATFORMS,0.9,"Cirql is a 'Hyperlocal Creator Marketplace' that connects businesses with verified local creators, providing a platform for campaign management, creator discovery, payment protection, and ROI reporting, which directly matches the INFLUENCER_PLATFORMS segment."
lumame.com,luma,INFLUENCER_PLATFORMS,0.9,"Lumame is a platform that connects brands and agencies with creators, offering tools for influencer discovery, audience analysis, campaign management, and secure payments, which aligns perfectly with the INFLUENCER_PLATFORMS segment."
nextcollab.in,,INFLUENCER_PLATFORMS,0.9,"The company's website clearly states its purpose is to 'Discover Creators, Build Campaigns' and 'Find the Perfect Creator for Your Brand', indicating it's a platform for brands to manage influencer marketing."
starlist.ai,,INFLUENCER_PLATFORMS,0.9,"The company operates a platform for brands to discover and partner with creators, offering influencer discovery, campaign management, content strategy, and performance tracking services. This aligns perfectly with the INFLUENCER_PLATFORMS segment, even with additional agency-like services."
hype.co,Hype,INFLUENCER_PLATFORMS,0.9,"Hype was a platform providing link-in-bio, lead generation, and growth tools for creators, which aligns with creator monetization and management tools. It is now integrating into an ecosystem for martial arts creators and athletes, maintaining its platform nature."
tigerfinder.com,,INFLUENCER_PLATFORMS,0.9,"Tiger Finder is an AI-powered SaaS platform for TikTok influencer discovery, providing tools for finding, analyzing, and organizing creators based on specific criteria and audience data. This directly aligns with the definition of an Influencer Platform."
swavy.com,Swavy,INFLUENCER_PLATFORMS,0.9,"Swavy is an 'AI Creator Manager' platform designed for brands and agencies to run and automate influencer marketing campaigns, offering features like creator discovery, outreach, performance tracking, and payments in one dashboard."
quintly.com,quintly,INFLUENCER_PLATFORMS,0.9,"Quintly (Facelift Data Studio) is a SaaS tool providing social media analytics, competitive benchmarking, and an API. It explicitly mentions tracking 'social media influencers' and 'Influencer marketing Keep track of your influencer campaigns and measure ROI', fitting the description of a platform for influencer analytics."
audiencewatch.io,,INFLUENCER_PLATFORMS,0.9,"AudienceWatch offers a platform for audience intelligence and influencer discovery, allowing users to find and analyze groups of people based on demographics and social engagement, and identify suitable micro-influencers for campaigns. This aligns with creator discovery and analytics tools."
bengalreach.com,Bengal Reach,INFLUENCER_PLATFORMS,0.9,"BengalReach is a platform that connects brands with content creators, offering tools for creator discovery, AI-powered matching, campaign management, real-time analytics, and secure payments, which aligns perfectly with the INFLUENCER_PLATFORMS segment."
crinzy.com,,INFLUENCER_PLATFORMS,0.9,"The website explicitly states 'Influencer Marketing Platform for Brands & Creators,' which directly aligns with the definition of a company building SaaS/software for influencer marketing."
pulsetrak.io,,INFLUENCER_PLATFORMS,0.9,"PulseTrak is a SaaS platform providing AI analytics, commerce tracking, and management dashboards for creators, brands, and agencies involved in influencer marketing across major social platforms like YouTube, TikTok, and Instagram."
mybrandbldr.com,,INFLUENCER_PLATFORMS,0.9,"The company provides an AI-powered SaaS platform for creators, offering tools for personal branding, content ideation, cross-platform posting, and analytics, which aligns with creator monetization and analytics platforms."
collaborations.me,,INFLUENCER_PLATFORMS,0.9,"The company explicitly states it is a 'Free Influencer Marketing Platform' offering AI-powered creator discovery, analytics, outreach, and CRM tools, which aligns perfectly with the INFLUENCER_PLATFORMS segment. Although it also mentions a 'New Agency Service', the primary offering and detailed features describe a SaaS product."
usesteer.io,,INFLUENCER_PLATFORMS,0.9,"Steer is an 'All-In-One Influencer Marketing Solution' software platform for brands, offering creator discovery, campaign management, CRM, reporting, and affiliate campaign capabilities. This directly aligns with the definition of an INFLUENCER_PLATFORMS company."
extravagant.limited,,INFLUENCER_PLATFORMS,0.9,"The company is behind Exolyt, described as 'The Leading Short Video Insights Platform' that empowers 'creators with data-driven insights,' directly matching the definition of an influencer analytics platform."
lever.io,Lever - Marketplace for Companies and Web3 KOLs,INFLUENCER_PLATFORMS,0.9,"Lever.io is an 'All-in-one Crypto Marketing Platform' and 'Data Driven KOL Marketplace' that connects brands with Web3 influencers, offering discovery, analytics, and campaign management tools. While they offer managed services, their core business is a B2B software platform for influencer marketing."
bookyourcreator.com,,INFLUENCER_PLATFORMS,0.9,"BookYourCreator provides a platform for brands and agencies to discover, connect with, and manage campaigns with social media influencers, charging a platform fee per collaboration."
influsa.com,,INFLUENCER_PLATFORMS,0.9,"The company explicitly states it is a 'Top influencer marketing platform' that connects brands with influencers to showcase products, allowing both brands and creators to register and collaborate."
humandata.com.br,,INFLUENCER_PLATFORMS,0.9,"The company develops data intelligence products using AI and algorithms to help brands and creators make strategic decisions, which directly aligns with providing analytics and tools for influencer marketing platforms."
safeinfluencer.com,,INFLUENCER_PLATFORMS,0.9,"The company provides a SaaS tool for social media background checks and brand safety analysis for influencers, helping brands and agencies vet creators. This aligns with building software/tools for influencer marketing analytics and creator discovery."
labeliq.ai,,INFLUENCER_PLATFORMS,0.9,"The company provides AI tools for content generation, a fan investment platform, and a revenue sharing system, which are all creator monetization tools and UGC content platforms."
creonnect.com,,INFLUENCER_PLATFORMS,0.9,"The company explicitly states it is a 'Creators Platform' that helps 'Creators Innovate Brands,' which directly aligns with a software product for influencer marketing, discovery, or collaboration."
ex9.ai,,INFLUENCER_PLATFORMS,0.9,"The company explicitly states it is an 'All-in-One B2B Influencer Marketing Platform,' directly aligning with the definition of a SaaS/software provider for influencer marketing."
noonx.in,,INFLUENCER_PLATFORMS,0.9,"The company explicitly states it is an 'Influencer Marketing Platform' that connects brands with creators, which directly aligns with the definition of an INFLUENCER_PLATFORMS."
cliquohq.com,,INFLUENCER_PLATFORMS,0.9,"The company describes itself as a 'platform' that connects 'Brands with Influencers' and facilitates partnering, which directly aligns with the definition of an influencer marketing software or tool."
ecairn.com,,INFLUENCER_PLATFORMS,0.9,"The company explicitly states it provides 'Micro-influencer marketing Software for B2B Saas companies,' which directly aligns with the definition of an influencer platform building tools for creator marketing."
gethookd.io,hookd,INFLUENCER_PLATFORMS,0.9,"The company operates a platform that connects brands with a vetted network of UGC creators, offering packages for content creation, ideation, and management, functioning as a creator marketplace."
brandeora.in,,INFLUENCER_PLATFORMS,0.9,"Brandeora describes itself as an 'ecosystem' and 'platform' connecting creators with brands, offering AI matching, automated workflows, monetization tools, and analytics for creators. This aligns perfectly with a software/platform for influencer marketing."
partnerwise.io,,INFLUENCER_PLATFORMS,0.9,"PartnerWise is a 'Creator Partnerships Platform' that provides tools for creators to find brands, manage outreach with AI, access analytics, and automate their workflow for paid collaborations and sponsored content, clearly fitting the INFLUENCER_PLATFORMS segment."
mysaasfluencer.com,,INFLUENCER_PLATFORMS,0.9,"The company explicitly identifies itself as a '#1 SaaS Influencer Marketing Platform' and mentions 'SaaS Affiliate Programs,' indicating it provides a B2B software tool for managing influencer campaigns and creator partnerships."
kulturepanel.com,Kulture Panel,INFLUENCER_PLATFORMS,0.9,"The company is building 'infrastructure' for an 'African Creator Network,' including payment gateways, reseller networks, and an intelligence layer, indicating they are developing a platform or tools for the creator economy."
pairfect.io,,INFLUENCER_PLATFORMS,0.9,"The company provides an 'AI-Powered Affordable Influencer Marketing' solution, indicating a software or platform designed to help SMBs manage influencer campaigns."
tarstech.com,,INFLUENCER_PLATFORMS,0.9,"Tars Tech offers a 'Social Video Intelligence Hub' using AI for multi-modal social media analysis, including 'influencer discovery', 'creator match', 'audience insight', and 'automated reporting' across TikTok, Instagram, and YouTube. This is a B2B SaaS tool for brands/agencies to find, analyze, and manage creators and content."
socialstatus.io,Social Status,INFLUENCER_PLATFORMS,0.9,"The company provides a SaaS tool for social media analytics and reporting, with a core feature set dedicated to 'Influencer Analytics' and 'Influencer campaign tracking' for agencies and brands."
govisibl.io,,INFLUENCER_PLATFORMS,0.9,"Visibl is a SaaS content analytics tool for bloggers and content marketers, who are types of creators. This aligns with the INFLUENCER_PLATFORMS segment as it provides analytics software for creators to understand their audience and content performance."
socialcrab.id,,INFLUENCER_PLATFORMS,0.9,"Socialcrab is a SaaS platform providing social media analytics for Instagram, TikTok, and X profiles, which directly supports brands and agencies in creator discovery, vetting, and campaign performance analysis."
allersparks.com,Sparks by Aller Media,INFLUENCER_PLATFORMS,0.9,"The company operates an app-based network (Sparks) that connects creators with brands for collaborations and campaigns, allowing creators to manage profiles, apply for campaigns, and get paid. This clearly fits the description of an influencer marketing platform."
dropper.studio,,INFLUENCER_PLATFORMS,0.9,"The company's core offering is a platform where creators can 'Own, Market + Monetize Content', indicating a tool for creator monetization and content management, which aligns with influencer platforms."
goverified.co,,INFLUENCER_PLATFORMS,0.9,"The company provides a verification service and professional reports for influencers, designed to build trust with brands and agencies for influencer marketing campaigns. This acts as a tool for creator analysis and quality assurance within the influencer marketing ecosystem."
asoobi.com,,INFLUENCER_PLATFORMS,0.9,"Asoobi is a platform that connects brands with creators, offering features for creator discovery, verification, campaign opportunities, and secure payment processing, directly aligning with the definition of an influencer marketing platform."
mumfluence.co,,INFLUENCER_PLATFORMS,0.9,"The company operates a platform that connects brands with 'mumfluencers' for UGC and influencer campaigns, offering tools for creator discovery, brief building, campaign management, and payments. This clearly fits the INFLUENCER_PLATFORMS segment as a SaaS/software tool for influencer marketing."
btbverse.xyz,,INFLUENCER_PLATFORMS,0.9,"BTBverse is a collaboration platform that connects creators with brands for partnerships and campaigns, helping creators monetize their content. This aligns perfectly with the definition of an Influencer Platform."
nexfluence.eu,,INFLUENCER_PLATFORMS,0.9,"Nexfluence explicitly states it is an 'End-to-End Influencer Marketing Platform' and describes features like 'Creator Intelligence,' 'Live Attribution' with 'dashboards,' and an 'Operating System' for managing creator partnerships. They clarify they 'don’t run campaigns' but 'engineer performance systems,' indicating a software product for influencer marketing."
starrykol.com,Starry,INFLUENCER_PLATFORMS,0.9,"The website explicitly states it is an 'AI Influencer Matching Tool & Analytics Platform,' which directly matches the description of a SaaS tool for influencer discovery and management."
gobeyond.now,,INFLUENCER_PLATFORMS,0.9,"The company is building a platform to connect creators with campaigns and brand deals, as indicated by 'early creator list', 'early access to campaigns', and 'new creator connects'. This aligns with a SaaS/tool for influencer marketing."
simply-hooked.com,,INFLUENCER_PLATFORMS,0.9,"Simply Hooked describes itself as a 'Plattform für erfolgreiche Influencer Kampagnen' and outlines a step-by-step process for brands and agencies to manage influencer campaigns, including discovery, briefing, and payment, clearly indicating a software product for influencer marketing."
fair-influence.com,,INFLUENCER_PLATFORMS,0.9,"The company explicitly states it is a 'KOL & Influencer Marketing Platform,' which directly aligns with the definition of a B2B software or tool for influencer marketing."
viewr.cc,,INFLUENCER_PLATFORMS,0.9,"Viewr is a platform that connects brands with a network of short-form creators for campaigns, offering tools for campaign management, creator discovery, and a dashboard to track performance and payouts."
monkeydata.org,,INFLUENCER_PLATFORMS,0.9,"MonkeyData offers a platform that unifies social media data for audience analysis, persona mapping, and specifically provides tools for influencer discovery, vetting, fraud detection, and engagement analysis, fitting the description of an influencer marketing software."
influxer.com,,INFLUENCER_PLATFORMS,0.9,"Influxer is a platform that enables college athletes (creators) to launch their own merchandise stores and connect with brands for sponsorships, acting as a creator monetization tool and marketplace."
milenial.eu,,INFLUENCER_PLATFORMS,0.9,The company explicitly identifies itself as an 'Influencer Marketing Platform' offering an 'all-in-one solution' and 'influencers repository' for brands to connect with and manage social media creators.
famosos.com,FAMOSOS.COM,INFLUENCER_PLATFORMS,0.9,"The company explicitly identifies itself as an ""influencer marketing platform"" and details software features like ""profiling software"" and ""detailed reports"" for end-to-end campaign execution, indicating a strong need for creator/influencer data."
shotzspot.com,,INFLUENCER_PLATFORMS,0.9,"The company describes itself as a 'complete platform' for influencer marketing, offering an 'Influencer Dashboard,' 'Analytics Dashboard,' 'Smart AI Matching,' and a 'Campaign Management Suite' for brands to manage creator partnerships."
shell.fans,,INFLUENCER_PLATFORMS,0.9,"The company offers a SaaS platform for creators and businesses, providing social media asset backup, cross-platform publishing, and AI-powered fan analytics, which directly aligns with tools for creator management and analytics."
getcreatify.com,Creatify,INFLUENCER_PLATFORMS,0.9,"Creatify offers an all-in-one platform for brands to manage influencer marketing campaigns, including tools for influencer discovery, campaign creation, and performance analytics, clearly fitting the INFLUENCER_PLATFORMS segment."
lit.so,,INFLUENCER_PLATFORMS,0.9,"Lit is explicitly described as an 'Influencer Marketing Platform' that provides SaaS tools for agencies and brands to discover creators, manage campaigns, approve content, handle payments, and track performance."
surgehq.co,,INFLUENCER_PLATFORMS,0.9,"Surge Inc. provides a platform and AI engine for identifying creators, analyzing their performance, managing creator networks, and handling end-to-end paid influencer campaigns, fitting the description of a SaaS tool for influencer marketing."
brandmate.pro,,INFLUENCER_PLATFORMS,0.9,"Brandmate is a SaaS platform offering creators tools for brand discovery, AI-powered outreach, and partnership management to monetize their influence, fitting the description of a creator monetization and discovery tool."
truesocialmetrics.com,,INFLUENCER_PLATFORMS,0.9,"True Social Metrics provides a SaaS tool for social media analytics, including specific 'Influencers analytics' to identify powerful social influencers and brand advocates, which aligns with creator discovery and analytics platforms."
impactfans.com,,INFLUENCER_PLATFORMS,0.9,"This company provides a platform that connects athletes (creators) with brands for NIL monetization, enabling brands to reach specific audience 'clusters' and creators to earn passive income. This is a clear fit for a creator monetization and brand-creator matching platform."
hoo-talk.com,,INFLUENCER_PLATFORMS,0.9,"HooTalk is a B2B SaaS tool for social listening and consumer intelligence. A key feature is 'Identification des Influenceurs' (influencer identification), which aligns with creator discovery and analytics for influencer marketing platforms."
promospherecenter.com,,INFLUENCER_PLATFORMS,0.9,"The company explicitly states it is an 'Influencer Marketing Platform' that connects brands with creators, offers smart matching, analytics tools, and payment processing, which directly aligns with the INFLUENCER_PLATFORMS segment."
lycmediasearch.com,,INFLUENCER_PLATFORMS,0.9,"The company provides specialized platforms and in-house tools for media monitoring, including a dedicated 'Adfluence' platform for influencer campaign monitoring and analytics, helping brands and agencies understand creator collaborations and performance."
daisypay.io,Daisy,INFLUENCER_PLATFORMS,0.9,"DaisyPay provides a platform for brands to activate a network of micro and macro creators to amplify content, drive engagement, and improve social proof, which is a core function of influencer marketing software."
truleado.com,,INFLUENCER_PLATFORMS,0.9,"Truleado is an 'Influencer Marketing Software for Agencies' providing a platform for creator discovery, campaign management, analytics, and finance management. This directly aligns with the definition of INFLUENCER_PLATFORMS as a SaaS tool for influencer marketing."
cryptocowboy.ai,,INFLUENCER_PLATFORMS,0.9,"The company offers a platform for brands and platforms to manage and process payments to creators, fitting the 'creator monetization tools' and 'pay creators' aspects of influencer platforms."
ningnang.co,,INFLUENCER_PLATFORMS,0.9,"The company is a performance-based creator marketplace providing a platform for brands to find, manage, and pay creators for influencer marketing campaigns, including analytics and content management tools."
levelup-analytics.com,,INFLUENCER_PLATFORMS,0.9,"LevelUp is a marketing analytics platform for the gaming industry, providing tools for creator discovery, influence campaign reporting, and tracking across social and streaming channels, which aligns with SaaS for influencer marketing."
goinsiders.com.br,GoInsiders,INFLUENCER_PLATFORMS,0.9,"The website explicitly states it uses 'technology' to create an 'ecosystem' connecting 'Creator, Brand, Partner' in advertising, indicating an influencer marketing platform."
fluencr.io,fluencr,INFLUENCER_PLATFORMS,0.9,"The company describes itself as an 'influencer marketplace' and 'digital platform' that helps businesses and influencers connect, collaborate, manage campaigns, and process payments, which directly matches the definition of an INFLUENCER_PLATFORMS."
heckle.tech,,INFLUENCER_PLATFORMS,0.9,"Heckle provides an AI-powered SaaS platform for YouTube creators, agencies, and MCNs, offering audience intelligence, video optimization, and content strategy generation. This directly aligns with tools for creator analytics and content management."
sponsorradar.com,,INFLUENCER_PLATFORMS,0.9,"SponsorRadar is a SaaS platform that helps YouTube creators find sponsors and provides tools for brands, agencies, and talent managers to discover creators, analyze sponsorship trends, and manage outreach for brand deals."
ahacreator.com,AhaCreator,INFLUENCER_PLATFORMS,0.9,"The company explicitly identifies itself as an 'AI-Native Influencer Marketing Platform' that provides tools for brands to find, manage, and track influencer collaborations, including discovery, outreach, negotiation, and performance tracking."
thevibes.network,The Vibes Network,INFLUENCER_PLATFORMS,0.9,"The company provides an 'AI enabled Influencer Selection System' and 'influencer-campaign matchmaking technology' with in-depth analytics and reporting, indicating a proprietary software platform for influencer marketing, even though they also offer full-service campaign management."
dsm.network,,INFLUENCER_PLATFORMS,0.9,"The company provides a SaaS tool for automating Instagram DMs, building lead lists from Instagram posts, and tracking outreach. It explicitly targets 'Influencers' and 'Content Creators' and helps them connect with brands and partners, fitting the description of a tool for creator discovery and CRM."
scout-social.com,,INFLUENCER_PLATFORMS,0.9,"Scout provides a SaaS platform for creators to find brands, manage deals, track revenue, and streamline outreach, which aligns with creator monetization and management tools within the influencer marketing ecosystem."
lumostech.ae,,INFLUENCER_PLATFORMS,0.9,"The company's core offering is the 'PurpleCow platform,' described as a 'User-Generated Content Platform' that connects 'brands and creators to connect, inspire, and create authentic content,' which directly fits the definition of an INFLUENCER_PLATFORM."
hypepipe.ai,,INFLUENCER_PLATFORMS,0.9,"HypePipe is an AI-powered SaaS platform that provides compliance infrastructure for influencer marketing, automating verification and content monitoring for campaigns across YouTube, Instagram, and TikTok, which is a B2B tool for managing influencer campaigns."
battora.com,,INFLUENCER_PLATFORMS,0.9,"Battora is an AI-powered platform for creator discovery and management, providing tools for brands to find and book creators, and for creators to manage their profiles and careers. This aligns directly with the INFLUENCER_PLATFORMS segment."
autone-solutions.com,,INFLUENCER_PLATFORMS,0.9,"The company explicitly states it provides ""Autonomous Influencer Marketing for DTC Brands,"" which indicates a software or platform for managing influencer campaigns."
memeworks.io,,INFLUENCER_PLATFORMS,0.9,"MemeWorks is a platform that enables meme creators to earn royalties from their content and license it to brands, fitting the description of a creator monetization tool and UGC content platform within the INFLUENCER_PLATFORMS segment."
kisradigitals.in,Kisra Digital Marketing Pvt. Ltd.,INFLUENCER_PLATFORMS,0.9,"The company explicitly identifies itself as ""India's Largest Influencer Marketing Platform"" and mentions ""Content Marketing Technology,"" indicating it builds software or tools for influencer marketing, which aligns with the INFLUENCER_PLATFORMS segment."
influencersearcher.com,,INFLUENCER_PLATFORMS,0.9,"The company offers a software tool called 'Influencer Searcher' for influencer discovery, outreach, and analytics, explicitly stating it's a 'best in class tool used to identify, organise and collaborate with influencers at scale'."
fostrum.com,Fostrum,INFLUENCER_PLATFORMS,0.9,"Fostrum provides an 'all in one money management' tool for creators and influencers, which aligns with creator monetization tools or creator CRM platforms."
orbitvibe.com,Orbit Vibe,INFLUENCER_PLATFORMS,0.9,"The company describes itself as an 'AI-Powered Influencer Marketing Platform,' which directly matches the definition of a SaaS/software tool for influencer marketing."
sponsor4me.app,,INFLUENCER_PLATFORMS,0.9,"Sponsor4Me is an 'AI-Powered Influencer Marketing Platform' offering tools for creator discovery, analytics, audience insights, and authenticity detection, which directly aligns with the definition of an Influencer Platform."
ziziproject.vn,Zizi Project,INFLUENCER_PLATFORMS,0.9,"The company explicitly states it is an 'Influencer Marketing Platform' for SMEs, using AI to connect brands with creators, manage campaigns, and provide analytics and reporting tools."
halo.live,,INFLUENCER_PLATFORMS,0.9,"Halo.live offers an 'AI-Native Infrastructure for Creator Marketing' with 'AI agents' for creator discovery, outreach, campaign orchestration, and real-time analytics, clearly positioning itself as a SaaS platform for influencer marketing."
connector.cc,Connector Club Asia,INFLUENCER_PLATFORMS,0.9,"The company explicitly states it is an 'Influencer Marketing Platform' that uses AI for creator discovery, campaign management, performance tracking, and automated reporting, which directly aligns with the INFLUENCER_PLATFORMS segment."
thirdsummit.com,,INFLUENCER_PLATFORMS,0.85,"Third Summit builds and acquires SaaS cloud solutions and platforms for the creator economy, empowering creators to produce, manage, and distribute content. This directly aligns with companies that develop software and tools for creators, including influencers."
tweetsuite.com,,INFLUENCER_PLATFORMS,0.85,"TweetSuite is a SaaS tool for Twitter management that explicitly offers 'Find influencers' functionality, along with audience demographics and engagement analysis, which aligns with creator discovery and analytics for creators."
bopsidy.com,,INFLUENCER_PLATFORMS,0.85,"Bopsidy is a platform for dancers (creators) to create profiles, showcase their work, and be discovered by the community, functioning as a niche creator discovery and marketplace tool for dance classes and events."
frame00.com,,INFLUENCER_PLATFORMS,0.85,"The company develops Web3 protocols and platforms (DEV Protocol, CLUBS) focused on building a decentralized creator economy and enabling creator monetization, which aligns with the 'creator monetization tools' aspect of INFLUENCER_PLATFORMS."
tweetbinder.com,,INFLUENCER_PLATFORMS,0.85,"Tweet Binder offers a B2B SaaS platform for social media analytics, hashtag tracking, and social listening, including API access for Twitter stats, follower evolution, and likes tracking, which are essential tools for agencies and marketers managing influencer campaigns."
waibars.com,,INFLUENCER_PLATFORMS,0.85,The company's tagline 'Connect with Creators 
socialblaze.com,,INFLUENCER_PLATFORMS,0.85,"Social Blaze is a SaaS platform offering AI-powered organic Instagram follower growth and an analytics dashboard, explicitly targeting fast-growing influencers and brands to help them build their online presence."
fan.reviews,,INFLUENCER_PLATFORMS,0.85,"The company provides a platform for reviewing creators across various social monetization sites and offers creators insights from their fans, fitting the description of a tool for creator analytics and social listening."
deepdiveplatform.com,DeepDive,INFLUENCER_PLATFORMS,0.85,"DeepDive is a social listening AI platform that offers 'Micro-Influencer Signal Detection' by analyzing Instagram and TikTok UGC to identify creator clusters, serving as a tool for creator discovery and analytics in influencer marketing."
cre8r.ai,Cre8r.ai,INFLUENCER_PLATFORMS,0.85,"Homepage highlights an AI-powered influencer discovery tool that helps brands find and track creators, along with live campaign performance monitoring and audience sentiment analysis."
crowncast.club,,INFLUENCER_PLATFORMS,0.85,"Crowncast provides a SaaS platform for Instagram automation, offering tools for automated engagement, messaging, and analytics for businesses and creator accounts, aligning with tools that help manage creator presence and performance."
adbridge.ai,,INFLUENCER_PLATFORMS,0.85,"AdBridge is a B2B AI-powered platform that helps podcast networks and creators monetize their content through advertising, which aligns with the 'creator monetization tools' aspect of the INFLUENCER_PLATFORMS segment."
infllu.com,,INFLUENCER_PLATFORMS,0.85,"The company explicitly states it is a 'data driven influencer marketing platform' and offers a 'CRM system' and 'AI powered recommendation system' for influencer collaboration. While they also offer 'full service Influencer Marketing', the presence of a core software product classifies them as an Influencer Platform."
socialerus.com,,INFLUENCER_PLATFORMS,0.85,"The company operates a platform for buying and selling YouTube channels, providing data-driven channel valuation and a transaction system. This functions as a 'creator marketplace' for channel assets and requires creator analytics, making it a strong fit for OnSocial's data."
verdesource.com.br,,INFLUENCER_PLATFORMS,0.85,"Verdesource offers v-tracker, a social listening and analytics SaaS tool. It explicitly states its 'Grafos' feature is 'Ideal para análise de redes, influenciadores' and provides detailed analytics on engagement, reach, and top profiles, aligning with platforms that offer analytics for creators and social listening with a creator focus."
visibrain.com,Visibrain,INFLUENCER_PLATFORMS,0.85,"Visibrain is a SaaS social listening platform that explicitly offers 'Identify Influencers' as a key solution, providing tools for brands and agencies to discover and analyze creators."
inventa.solutions,,INFLUENCER_PLATFORMS,0.85,"The company offers an AI-powered SaaS tool that generates short, viral video clips optimized for social media platforms like TikTok and YouTube, directly supporting content creation for creators and brands in the influencer ecosystem."
yourbrandontime.com,,INFLUENCER_PLATFORMS,0.85,"The company provides a 'Video Social Listening Platform' with 'AI Video Analytics & Brand Intelligence,' which directly aligns with the INFLUENCER_PLATFORMS segment's focus on analytics and social listening tools for brands or agencies."
socio-fi.com,,INFLUENCER_PLATFORMS,0.85,"The company provides a platform for brands to create and manage influencer campaigns, including influencer selection based on Instagram statistics and demographics, content approval, and campaign performance tracking."
enoobs.com,,INFLUENCER_PLATFORMS,0.85,"Enoobs is a platform for gamers, described as a 'gaming social platform with a universal gaming ID and creator economy,' offering tools for gamers to showcase skills, build communities, and monetize their recognition, along with detailed analytics for gaming companies. This aligns with the definition of an influencer platform focused on creator management, analytics, and monetization."
magneticsuite.com,,INFLUENCER_PLATFORMS,0.85,"The company provides a digital marketing suite that includes a module for amplifying content with 'embajadores de marca' (brand ambassadors/advocates), explicitly mentioned as 'AdvocatesPro' in testimonials, which aligns with tools for managing creators and influencers."
outstrip.biz,,INFLUENCER_PLATFORMS,0.85,"The company offers an AI-powered social media analytics platform for SMBs, agencies, and creators, providing automated reports, insights, and competitor benchmarks. This is a B2B SaaS tool for analyzing social media performance, directly relevant to creator analytics and influencer marketing."
significancesystems.com,,INFLUENCER_PLATFORMS,0.85,"The company provides products for engagement analytics and identifying 'micro-influence' from open data, which helps customers understand market behavior and craft multi-channel media strategies. This aligns with SaaS tools for creator discovery and analytics."
marketchorus.com,,INFLUENCER_PLATFORMS,0.85,"MarketChorus offers a content intelligence platform and API for creators, researchers, and marketers, providing tools for content discovery, analysis, and insights into influencers and social media engagement. This directly aligns with a B2B software/platform for influencer analytics and discovery."
trycpm.ai,,INFLUENCER_PLATFORMS,0.85,"The company is a 'Social Listening Platform,' which is a B2B SaaS tool that analyzes social media data. OnSocial's creator data would be highly valuable for such a platform to enrich its insights on influencer campaigns, creator performance, and audience demographics."
websays.com,,INFLUENCER_PLATFORMS,0.85,"Websays is an AI-powered social listening and reputation monitoring platform. It tracks mentions, analyzes social data, and provides alerts for 'influencer engagements' and identifies 'who is generating mentions', indicating a creator-focused social listening tool."
pollyn.co,,INFLUENCER_PLATFORMS,0.85,"The company positions itself as a 'Marketing Platform' that helps businesses 'Connect with Content Creators', directly aligning with the definition of a SaaS tool for creator discovery and matching."
polis.consulting,,INFLUENCER_PLATFORMS,0.85,"Polis Consulting provides consulting and resells licenses for social listening and analytics platforms, including 'All Ears' which monitors and analyzes millions of channels on TikTok, YouTube, and Podcasts. This enables brands and agencies to access and utilize creator-focused social intelligence, aligning with the needs of influencer platforms."
theglowhouse.org,,INFLUENCER_PLATFORMS,0.85,"GlowHouse offers a solution that enables creators, athletes, and communities to co-own and monetize the brands and networks they fuel, transforming culture into capital. This aligns with providing creator monetization tools and platforms."
mandalasystem.com,,INFLUENCER_PLATFORMS,0.85,The company offers a 'Social Media Analytics 
amondo.com,,INFLUENCER_PLATFORMS,0.85,"Amondo is a content intelligence platform that helps brands analyze audience behavior and performance of various content, including creator and user-generated content (UGC). This aligns with the 'UGC content platforms' and 'analytics for creators' aspects of the INFLUENCER_PLATFORMS segment."
artistverified.com,,INFLUENCER_PLATFORMS,0.85,"ArtistVerified is a platform providing tools for music artists (creators) to manage fan relationships, communicate with fans, and monetize superfans, which aligns with 'creator monetization tools' and 'creator CRM' within the INFLUENCER_PLATFORMS segment."
luftsocial.com,,INFLUENCER_PLATFORMS,0.85,"LuftSocial is a SaaS platform offering social media scheduling and AI-driven content optimization tools, explicitly targeting 'creators & agencies' to manage their social media presence. This aligns with software tools built for the influencer ecosystem."
superusers.agency,,INFLUENCER_PLATFORMS,0.85,"The company identifies as a 'specialist marketing services platform provider' that connects brands with 'SuperFans' to generate UGC, earned media, and word-of-mouth. This aligns with platforms that help brands find, activate, and manage creators/advocates for content and growth."
sokotrend.com,Sokotrend,INFLUENCER_PLATFORMS,0.85,"The company operates a platform that connects clients with influencers for jobs, charging a commission on earnings. This functions as a creator marketplace and monetization tool for influencers."
shareplay.tv,,INFLUENCER_PLATFORMS,0.75,"SharePlay is an 'AI-Powered Interactive Rewards Streaming Platform,' which functions as a creator monetization tool for streamers, aligning with the 'creator monetization tools' sub-segment of INFLUENCER_PLATFORMS."
atenya.com,,INFLUENCER_PLATFORMS,0.75,"Atenya provides AI-led insights for social media ROI, indicating a B2B analytics platform. Such a platform is highly relevant for brands and agencies to analyze and measure the effectiveness of their social media marketing, including influencer campaigns."
streamquest.io,,INFLUENCER_PLATFORMS,0.75,The company's name and tagline 'Twitch Influencer Marketing for Indie Games' combined with the .io domain suggest a platform or tool that facilitates influencer campaigns for brands in the gaming sector.
socialpruf.com,Socialpruf,INFLUENCER_PLATFORMS,0.75,"Homepage describes a social intelligence platform that provides tools for creators, brands, and agencies to track, benchmark, and report on social media performance, indicating a focus on creator analytics and campaign management."
wingazul.com,,INFLUENCER_PLATFORMS,0.75,"WingAzul provides free apps and tools for social media analytics, offering insights into viral accounts, tweet sorting, and YouTube channel information, which are core functionalities for creator discovery and analysis."
alerti.com,,INFLUENCER_PLATFORMS,0.75,"Alerti is a SaaS platform providing social listening and online reputation management, which includes features to identify key influencers and analyze conversations around them. This aligns with the 'social listening with creator focus' aspect of influencer platforms."
sentia.buzz,,INFLUENCER_PLATFORMS,0.75,"Sentia offers an AI-powered brand protection and social listening platform that explicitly identifies and measures 'influencer impact' and 'major influencer' mentions, indicating a creator focus within its social listening capabilities."
email5.org,,INFLUENCER_PLATFORMS,0.7,"The company is building a new email protocol and ecosystem that features a 'creator template marketplace' and 'pay-per-email campaigns,' indicating a platform that enables creator monetization and activity, aligning with influencer platforms."
storyclash.com,Storyclash,INFLUENCER_PLATFORMS,0.5,Has product/platform for influencer marketing
faved.com,Faved,INFLUENCER_PLATFORMS,0.5,Has product/platform for influencer marketing
thesocialcat.com,Social Cat,INFLUENCER_PLATFORMS,0.5,Has product/platform for influencer marketing
1stcollab.com,1stCollab,INFLUENCER_PLATFORMS,0.5,Has product/platform for influencer marketing
sideshift.app,Sideshift,INFLUENCER_PLATFORMS,0.5,Has product/platform for influencer marketing
nativehash.io,nativehash,INFLUENCER_PLATFORMS,0.5,Has product/platform for influencer marketing
fanded.com,,INFLUENCER_PLATFORMS,0,Failed to parse AI response: {
khoola.com,,INFLUENCER_PLATFORMS,0,Failed to parse AI response: {
leadtify.com,,INFLUENCER_PLATFORMS,0,Failed to parse AI response: {
kontentbook.in,,INFLUENCER_PLATFORMS,0,Failed to parse AI response: {
poiro.com,,INFLUENCER_PLATFORMS,0,Failed to parse AI response: {
groov.gg,,INFLUENCER_PLATFORMS,0,Failed to parse AI response: {
tryemerge.xyz,,INFLUENCER_PLATFORMS,0,Failed to parse AI response: {
promptwrk.com,,INFLUENCER_PLATFORMS,0,Failed to parse AI response: {
cpgsynergy.agency,,INFLUENCER_PLATFORMS,0,Failed to parse AI response: {
sociallypowerful.com,Socially Powerful,IM_FIRST_AGENCIES,1,"Apollo description indicates that the company is a global influencer marketing agency, specializing in influencer marketing and related services."
imfluence.ae,Imfluence,IM_FIRST_AGENCIES,1,Services 75% influencer-related
webimarketing.com,,IM_FIRST_AGENCIES,0.95,"The company explicitly identifies as an 'Influencer Marketing Agency' and its entire website content describes building and managing end-to-end influencer campaigns for brands, making it an influencer-first agency."
kreatornow.com,Kreatornow INC.,IM_FIRST_AGENCIES,0.95,The website explicitly states it is 'The Leading US-based Influencer Marketing Agency' and focuses on influencer marketing solutions for both brands and creators.
hyprclub.com,,IM_FIRST_AGENCIES,0.95,"The company explicitly identifies itself as an 'award-winning creator economy and influencer marketing agency' and all its services, case studies, and insights are dedicated to running creator campaigns and brand partnerships."
influencewala.com,,IM_FIRST_AGENCIES,0.9,"The company explicitly states 'Influencer Marketing 95 %' as its core focus, helps businesses with influencer marketing strategies, and connects influencers with brand deals. This clearly indicates an influencer-first agency model."
agenciagfm.com.br,,IM_FIRST_AGENCIES,0.9,"The company explicitly identifies as an 'Assessoria em Marketing de Influência' and 'Assessoria UGC para Empresas,' specializing in implementing and evaluating strategies with creators for e-commerce, indicating influencer campaigns are their primary business."
aisoll.com,,IM_FIRST_AGENCIES,0.9,"Aisoll is an agency focused entirely on data-driven influencer marketing campaigns for B2B, AI, and SaaS brands, providing services like creator matching and campaign execution across various social platforms."
rizzo.media,Rizzo Media,IM_FIRST_AGENCIES,0.9,"The company identifies as a 'digital marketing agency leading the creator economy' with a strong focus on influencer partnerships, UGC, and building a 'creator network' for brands."
refreshafrika.com,,IM_FIRST_AGENCIES,0.9,"The company is a 'brand management and cultural strategy firm' that explicitly lists 'Influencer Campaigns' as a core service, focusing on designing and managing end-to-end campaigns, connecting brands with creators, and building the creator economy."
evorramedia.com,,IM_FIRST_AGENCIES,0.9,Evorra Media explicitly identifies itself as a 'Talent and Influencer Marketing Agency' and its services are entirely focused on talent management and influencer-led campaigns for brands.
tersipumalu.com,,IM_FIRST_AGENCIES,0.9,"The company explicitly states it is a 'KOL Specialist Agency' and its services and case studies are entirely focused on managing and executing influencer/creator campaigns for brands, including micro-ambassador programs and affiliate-driven activations."
brightloop.click,,IM_FIRST_AGENCIES,0.9,"The company's core business is explicitly stated as 'Connecting Creators With Global Brands' and 'Helping creators grow with top-tier brands,' indicating a focus on influencer talent management and campaigns."
grassive.ca,,IM_FIRST_AGENCIES,0.9,"The company explicitly states 'INFLUENCER Marketing' as its core business and describes services for connecting brands with influencers and managing campaigns, indicating an influencer-first agency model."
afmagency.net,AFM Agency,IM_FIRST_AGENCIES,0.9,"The website explicitly identifies itself as a 'Top Creator Marketing Agency' and 'US NO.1 TikTok Creator Agency,' clearly indicating that influencer/creator marketing is its primary service."
theintermentalist.com,,IM_FIRST_AGENCIES,0.9,"The company explicitly states it is 'South India's top influencer marketing agency' and details its extensive network of content creators and influencers, indicating that creator campaigns are its primary business."
influence-space.com,,IM_FIRST_AGENCIES,0.9,"The company explicitly states it is a 'full-service influencer marketing agency' and its entire offering revolves around managing end-to-end influencer campaigns, including strategy, discovery, execution, and performance tracking. While they use a proprietary tool, their core business is providing agency services, not a SaaS platform."
kidding.at,,IM_FIRST_AGENCIES,0.9,"Kidding is an agency that connects brands with athletes and creators in the motorcycling niche, focusing on strategic partnerships, content, and talent management. Their core business is influencer/creator campaigns and talent representation."
seamgmnt.com,,IM_FIRST_AGENCIES,0.9,"The company is a 'Socially Engaged Agency' offering 360° talent management for social media creators, focusing on connecting them with brands for campaigns and partnerships. Its website is entirely dedicated to showcasing its managed creators and their successes."
socialcurrencyagency.com,,IM_FIRST_AGENCIES,0.9,"The company is an agency explicitly focused on providing marketing, PR, and visibility services for 'artists and creators,' indicating a primary business centered around creator talent and campaigns."
blazerocketmedia.com,,IM_FIRST_AGENCIES,0.9,"The company explicitly identifies itself as an 'Influencer Marketing Agency' focused on 'Creator Campaigns That Convert,' which directly aligns with the IM_FIRST_AGENCIES segment."
equinoxmg.com,Equinox Management Group LLP,IM_FIRST_AGENCIES,0.9,"Equinox Management Group is a management firm representing 'next generation talent' and operating as 'pioneers of the creator economy,' which directly aligns with the definition of creator talent management under IM_FIRST_AGENCIES."
wearelevelup.eu,,IM_FIRST_AGENCIES,0.9,"The company offers talent management, strategic coaching, content production, and community support specifically for social media creators on platforms like YouTube, Instagram, and TikTok, fitting the description of a creator talent management agency."
profitymedia.com,,IM_FIRST_AGENCIES,0.9,"This company is an iGaming marketing agency with a laser focus on influencer marketing, specializing in finding, vetting, and managing creators for performance-driven campaigns to acquire players for betting operators."
greenwoodagency.org,GREENWOOD MCN,IM_FIRST_AGENCIES,0.9,"The company identifies itself as a 'TikTok Agency,' strongly indicating that influencer/creator marketing is its primary service, fitting the IM_FIRST_AGENCIES segment."
amplfloo.com,,IM_FIRST_AGENCIES,0.9,"The company explicitly states it is an 'Influencer Marketing Agency' providing fully managed solutions to connect brands with creators, with a 100% niche focus on tech/AI. Their services include creator matching, negotiation, and campaign management, which are core agency functions."
influexa.com,,IM_FIRST_AGENCIES,0.9,"The company explicitly states it is a 'Trusted Partner for Influencer Marketing in India,' indicating its core business is providing influencer marketing services as an agency."
museagency.ch,MUSE MEDIA,IM_FIRST_AGENCIES,0.9,"The company explicitly identifies as a 'Viral Social Media Marketing Agency' and its entire service offering is centered around influencer marketing strategies, viral content creation, and brand ambassador programs for corporate brands."
pineroll.com,,IM_FIRST_AGENCIES,0.9,"Pineroll is a TikTok performance agency specializing in creator sourcing, management, media buying, and operating TikTok Shop and Live campaigns for brands, making influencer/creator campaigns their primary business."
theviralice.com,,IM_FIRST_AGENCIES,0.9,"The company is an agency focused on creating viral experiences and amplifying impact for brands through influencer collaborations, ambassadorships, and UGC, explicitly mentioning leveraging influencers for visibility, engagement, and conversions, including performance-based affiliate agreements."
pincfluence.com,People's Inc. Influence,IM_FIRST_AGENCIES,0.9,"The website text explicitly states 'Content Creator-Influencer Marketing,' indicating their core business is focused entirely on influencer campaigns and talent, aligning with an influencer-first agency model."
valeriainc.com,VALERIA INC.,IM_FIRST_AGENCIES,0.9,"Valeria Inc. is an agency that specializes in multi-platform brand integration and marketing, leveraging the large audience of its founder and other creators. Their core business is creating influencer-led campaigns and brand partnerships for brands."
gravity-media.net,,IM_FIRST_AGENCIES,0.9,"Gravity Media explicitly states its vision is to be a 'leading influencer marketing agency' in the MENA region, building partnerships with hundreds of influencers and running campaigns for brands like TikTok Shop and Temu. Their team roles are also heavily focused on managing content creators and influencers."
elevateagency.com,Elevate Agency,IM_FIRST_AGENCIES,0.9,"Elevate Agency is a management and marketing agency that represents digital creators, talents, and athletes, focusing on leveraging their influence for brand growth and visibility, which aligns with an influencer-first agency model."
navsocial.com,,IM_FIRST_AGENCIES,0.9,"The company explicitly states it navigates the 'social and influencer marketing industry,' focusing entirely on 'Creator Partnerships,' 'Influencer Marketing,' and 'Branded Content' for both creators and brands, indicating an influencer-first agency model."
milanmedia.co,Milan Media,IM_FIRST_AGENCIES,0.9,"The company explicitly states a 'Creator-centric Approach' and offers 'Creator Brand Talent Management,' focusing entirely on bridging the gap between creators and brands for campaigns and partnerships."
beyondbordershq.com,,IM_FIRST_AGENCIES,0.9,"The company explicitly states it is an 'Influencer Marketing Agency' and its entire website content focuses on connecting brands with influencers, campaign strategy, and management services."
seekmedia.io,Seekmedia Agency,IM_FIRST_AGENCIES,0.9,"The website explicitly states 'marketing de influência' and focuses on connecting brands with influencers, indicating a core business as an influencer-first agency."
thirsty-hungry.com,,IM_FIRST_AGENCIES,0.9,"The company describes itself as a 'dynamic agency concept' focused on the 'creator industry' and 'holistic talent management,' clearly indicating its core business is influencer/creator-first agency work."
zagemedia.com,,IM_FIRST_AGENCIES,0.9,"Zage Media explicitly states it is an 'end-to-end talent management and influencer marketing agency' with services dedicated to both creators and brands for influencer campaigns, making it a clear influencer-first agency."
brasacreatives.com,,IM_FIRST_AGENCIES,0.9,"The company explicitly states it specializes in Influencer Marketing Strategy, Creator and Campaign management, working with brands and creators to power the creator economy, making it a clear influencer-first agency."
zsuite.agency,,IM_FIRST_AGENCIES,0.85,"This is an agency specializing in Gen Z marketing, with a strong emphasis on 'Influencer Programz,' 'creator-inspired content,' and 'UGC-style content' as core offerings, indicating influencer/creator campaigns are their primary business."
settr.com,Settr,IM_FIRST_AGENCIES,0.85,"Settr specializes in influencer marketing with end-to-end execution, managing creator relationships and campaign performance for brands."
2113labs.com,,IM_FIRST_AGENCIES,0.85,"This agency specializes in social activation, content creation for platforms like Instagram (Reels), audience growth, and leveraging 'industry influencers' and 'talent' through strategies like livestreaming, indicating a primary focus on creator/influencer-centric campaigns."
recontenidos.com.ar,,IM_FIRST_AGENCIES,0.85,"The company explicitly states it connects influencers and streamers with brands for successful campaigns and offers 'viral campaigns with influencers and talents' as a core service, indicating a primary focus on influencer marketing as an agency."
hlxusa.com,HLX,IM_FIRST_AGENCIES,0.85,"HLX is a medical communications agency that specializes in identifying, mapping, and engaging Key Opinion Leaders (KOLs) and influential clinicians for biopharmaceutical marketing, which aligns with the core function of influencer marketing."
sobiomedia.com,,IM_FIRST_AGENCIES,0.85,"The company is a creative agency that explicitly lists 'INFLUENCER MARKETING' and 'TALENT MANAGEMENT' as primary services, indicating a core business focus on creator campaigns and management."
pulpkey.com,Pulpkey - The Influencer Marketing Company,IM_FIRST_AGENCIES,0.85,"Pulpkey specializes in managed influencer marketing campaigns across multiple platforms, with a strong focus on strategy, creative execution, and extensive case studies centered on influencer activations."
ramvizmedia.com,,IM_FIRST_AGENCIES,0.85,"RamViz Media is a content agency focused on video editing and thumbnail creation specifically for content creators, aiming to boost their audience growth and engagement, which aligns with supporting influencer content production."
thevisualediting.in,,IM_FIRST_AGENCIES,0.85,"The company provides expert YouTube editing and marketing services, directly supporting the growth of YouTube creators, which is a core function of an influencer-first agency."
iamvirale.com,Virale,IM_FIRST_AGENCIES,0.85,"The company states it 'creates virality on social networks organically,' indicating an agency focused on social media strategy and execution, which often involves influencer marketing. OnSocial's data would be highly relevant for their services."
thenow.agency,The Now Agency,IM_FIRST_AGENCIES,0.8,"The Now Agency is an influencer-led social media marketing firm that provides end-to-end services for brands, focusing on talent procurement, brand collaborations, and performance activations specifically for influencer campaigns."
animeta.ai,Animeta,IM_FIRST_AGENCIES,0.8,"Animeta is an Influencer Marketing Company that provides end-to-end solutions for brands, focusing on creator discovery, campaign strategy, and real-time performance tracking, indicating that influencer campaigns are their primary business."
tol-d.in,Thinking Out Loud Digital,IM_FIRST_AGENCIES,0.8,"Agency built for creators and brands, specializing in influencer marketing and talent management, with a focus on impactful creator collaborations."
influenceable.io,Influenceable,IM_FIRST_AGENCIES,0.8,"Agency specializes in high-impact influencer campaigns for films and advocacy initiatives, with a focus on connecting brands with top creators and crafting viral content."
futurecollective.jp,,IM_FIRST_AGENCIES,0.75,"The company is a creative marketing agency focused on 'Youth Culture' and 'Gen Z', strongly indicating that influencer and creator campaigns are a primary business to reach these demographics."
viralpinch.com,,IM_FIRST_AGENCIES,0.75,"The website title 'Social media influencers and campaigns' directly indicates a core business focused on managing or executing influencer marketing campaigns, which aligns with an IM-first agency."
reise.digital,REISE,IM_FIRST_AGENCIES,0.75,"The company is a digital marketing agency with a strong focus on influencer and creator collaborations, evidenced by numerous 'PR & Influence' projects in their portfolio and dedicated blog content on influencer marketing and UGC."
mindsetlab.it,Mindset LAB,IM_FIRST_AGENCIES,0.7,"The company explicitly states 'Creator Sportivi & Performance Marketing' and 'creators di contenuti sportivi,' indicating a core business focused on managing or working with sports content creators for performance-driven campaigns, aligning with an influencer-first agency."
superspa.de,,IM_FIRST_AGENCIES,0.7,"The company describes itself as a 'Social first creative tub for community centered content,' suggesting a creative agency specializing in social media content, likely involving creators or user-generated content."
saltbuzz.co,Saltbuzz,IM_FIRST_AGENCIES,0.7,"Core services include influencer marketing and commerce, with a focus on partnering with vetted creators for authentic campaigns, indicating that influencer campaigns are a primary business offering."
mondsteinmedia.com,Mondstein Media,IM_FIRST_AGENCIES,0.5,Self-identifies as influencer-first (1 signals)
vivamediacreative.com,Viva Media Creative,IM_FIRST_AGENCIES,0.5,"An influencer marketing agency specializing in managing celebrity accounts and connecting them with brands, with a primary focus on influencer campaigns."
eezycollab.com,eezycollab,IM_FIRST_AGENCIES,0.5,Services 75% influencer-related
helloverse.us,,IM_FIRST_AGENCIES,0,Failed to parse AI response: {
euka.ai,,SOCIAL_COMMERCE,0.95,"B2B AI-driven platform that helps TikTok Shop brands manage creator affiliates to drive measurable sales growth, explicitly focusing on turning creator content into revenue."
buy.social,,SOCIAL_COMMERCE,0.95,"The company explicitly states it is a 'Brand owned social commerce platform' and a 'social commerce integration' that helps brands create interactive social marketplaces, leverage UGC, and facilitate live video shopping experiences directly on their e-commerce sites."
ellomessenger.com,,SOCIAL_COMMERCE,0.9,"Ello Messenger is an AI-powered platform that enables businesses and creators to monetize content through subscription channels and masterclasses, and to 'showcase, promote and sell their products' directly within the messenger environment, fitting the definition of social commerce."
upcyclers.com,,SOCIAL_COMMERCE,0.9,"Upcyclers is a platform where users can 'Shop, Source, Sell' upcycled and secondhand items through 'Open Storefronts' and a 'Community,' which aligns with a social marketplace or creator storefront model where commerce is built on social interaction."
theflow.com,,SOCIAL_COMMERCE,0.9,"TheFlow is a creator-owned music and social media platform where artists can sell digital downloads and subscriptions directly to fans, integrating commerce within a social experience. It also mentions liveness verification and AI detection for human creativity, aligning with OnSocial's fraud detection capabilities."
enara.co,,SOCIAL_COMMERCE,0.9,"Enara explicitly positions itself as 'The Social Commerce Operating System' and provides an AI-powered platform to automate the entire social commerce journey for brands and creators, including creator matching, content optimization, and fulfillment for platforms like TikTok Shop."
bazla.co,,SOCIAL_COMMERCE,0.9,"Bazla is a platform designed for creators to build their own storefronts, sell products directly to their audience, and earn revenue share, which is a core aspect of social commerce and creator storefronts."
getvop.com,,SOCIAL_COMMERCE,0.9,"Vop offers a platform for brands to create shoppable video experiences from their social content, specifically TikTok videos, and embed them on e-commerce stores, directly enabling social commerce."
streamerce.live,,SOCIAL_COMMERCE,0.9,"Streamerce is a video shopping platform offering a 360-degree solution for shoppable content, including live shopping and TikTok-inspired video feeds, directly enabling commerce through social interaction for brands and marketplaces."
linkinbio.id,,SOCIAL_COMMERCE,0.85,"The company offers a 'link in bio' tool with integrated 'Online Store' functionality, allowing users to sell products directly from their social media profiles and collect payments. This aligns with the definition of a creator storefront and social selling platform."
wooskill.com,Wooskill,SOCIAL_COMMERCE,0.85,"Wooskill is a platform where social media creators ('skillers') sell live and on-demand masterclasses directly to consumers, explicitly leveraging their Instagram presence. This fits the definition of a creator storefront/marketplace where commerce is social by design."
rfoxvalt.com,,SOCIAL_COMMERCE,0.85,"RFOX VALT is a metaverse platform focused on a 'retail and entertainment experience' where users can 'explore, shop, connect, and thrive' in a virtual universe. This aligns with SOCIAL_COMMERCE as it's a platform where commerce is social by design, functioning as a social marketplace within a VR environment."
rfoxgames.com,,SOCIAL_COMMERCE,0.85,"The company operates a metaverse platform (RFOX VALT) where users can 'explore, shop, connect, and thrive' in a virtual universe, explicitly offering a 'retail and entertainment experience' with social interactions and user-generated content. This aligns with the definition of a social marketplace where commerce is social by design."
vybyn.com,,SOCIAL_COMMERCE,0.85,"Vybyn is a 'Music Social platform' featuring a 'Super Digital Store' designed to offer 'profitable solutions' and 'fair compensation' for creators, aligning with a social commerce model where selling is integrated into a social experience."
videomart.in,,SOCIAL_COMMERCE,0.85,"VideoMart is a video marketplace enabling creators to monetize their content by setting prices and receiving payouts, which aligns with the definition of a social marketplace or creator storefront where commerce is social by design."
ohlala.com,,SOCIAL_COMMERCE,0.85,"Ohlala is a platform where content creators monetize exclusive content and dating experiences through subscriptions and pay-to-view features, acting as a creator storefront and social marketplace where commerce is built on social interaction."
tcgfandom.com,,SOCIAL_COMMERCE,0.85,"The company operates a metaverse marketplace for digital collectibles made from influencer and content creator moments, allowing users to browse and purchase these items. This is a social marketplace where commerce is directly tied to creators and their content."
laagencia.com.ar,,SOCIAL_COMMERCE,0.85,"The company provides an AI platform that creates virtual influencers and automates social media interactions (DMs, comments) to convert conversations into sales and leads on platforms like WhatsApp and Instagram, directly enabling social commerce."
zaap.bio,,SOCIAL_COMMERCE,0,Failed to parse AI response: {
fluenceur.com,,AFFILIATE_PERFORMANCE,0.95,"Fluenceur explicitly states it is an 'AI-Powered Affiliate Marketing Platform' that helps brands recruit creators, automate tracking, and pay 'on performance only', directly aligning with the definition of an affiliate/performance marketing platform connecting advertisers with creators for conversion-based payouts."
hyzify.in,,AFFILIATE_PERFORMANCE,0.9,"The website explicitly states it is an 'Affiliate Website for Influencers & Telegrammers,' directly matching the description of an affiliate network or performance marketing platform that connects creators with offers."
anystarr.com,,AFFILIATE_PERFORMANCE,0.9,"The company explicitly states it is a 'TikTok affiliate partner' and offers a 'Creator Affiliate Program' where creators earn 'commissions' by selling products, directly aligning with the definition of an affiliate/performance marketing platform."
wishlistx.de,,AFFILIATE_PERFORMANCE,0.9,"The company provides a platform for creators to generate paid links for products from partner brands, earning money per click, which is a clear performance marketing model connecting advertisers with publishers/creators."
drim.one,DRIM,AFFILIATE_PERFORMANCE,0.9,"DRIM is a platform that connects brands with micro-influencers, explicitly stating a 'pay only for results' and 'CPA model' for generating sales and leads, which aligns with an affiliate/performance marketing network."
gocollab.ai,,AFFILIATE_PERFORMANCE,0.9,"GoCollab.ai is a platform that connects brands with influencers to manage and measure e-commerce affiliate marketing campaigns, explicitly stating its focus on 'Affiliate Marketing with Influencers' and 'managing affiliate campaigns'."
authentic-commerce.com,authentic.commerce,AFFILIATE_PERFORMANCE,0.9,"The company explicitly describes itself as an 'Affiliate Marketing' platform for 'Influencer & Content Creator' to 'Earn money with commission for every sale' by sharing 'trackinglinks' to 'partner stores', directly matching the AFFILIATE_PERFORMANCE segment."
shoplooks.com,Shoplooks,AFFILIATE_PERFORMANCE,0.9,"Shoplooks is a platform that enables creators to earn from their content by generating affiliate links for brands, explicitly mentioning 'affiliate marketing' and 'performance analytics,' which aligns with an affiliate/performance marketing network."
purch.com,,AFFILIATE_PERFORMANCE,0.85,"The company is a large media publisher that owns numerous content sites and price comparison platforms, monetizing through advertising and facilitating purchase decisions via its proprietary e-commerce platform and comparison services. This model aligns with connecting advertisers with audiences/publishers and driving conversions, which is core to affiliate/performance marketing."
bytemerica.com,Bytemerica,AFFILIATE_PERFORMANCE,0.85,"The company is a 'performance marketing agency,' indicating its core business involves conversion-based marketing, which aligns with the AFFILIATE_PERFORMANCE segment's focus on monetizing based on conversions and connecting advertisers with publishers/creators."
martechsa.com,,AFFILIATE_PERFORMANCE,0.85,"The 'Martech Dashboard' helps clients advertise using 'points, discount codes, commissions,' which are strong indicators of a performance or affiliate marketing platform that rewards partners for conversions."
joinaardvark.com,,AFFILIATE_PERFORMANCE,0.85,"Aardvark is a platform and browser extension that connects consumers with performance-based deals (discounts/offers) from creators, functioning as a referral platform for creator-driven conversions."
ssociopro.com,,AFFILIATE_PERFORMANCE,0,Failed to parse AI response: {
